394.2314,264.9508,0.0000,1
275.9443,745.5314,0.0000,1
393.2087,207.0497,0.0000,1
-1.9932,-632.7872,0.0000,12
327.2213,-614.3078,0.0000,12
-395.9798,696.4957,0.0000,12
-83.0417,-423.2672,0.0000,1
127.5365,-14.3579,0.0000,1
344.9627,-167.4654,0.0000,1
517.8681,-113.2629,0.0000,1
49.9054,336.1362,0.0000,12
-608.5077,-239.2067,0.0000,12
-402.3831,-353.3901,0.0000,1
-1.2982,176.2215,0.0000,1
714.1669,397.4655,0.0000,1
-732.8595,303.5374,0.0000,12
254.2005,-161.3486,0.0000,1
539.0612,242.6363,0.0000,1
-704.3733,-136.4349,0.0000,1
8.9355,-820.4701,0.0000,1
-12.2830,-458.2906,0.0000,1
372.0181,-289.5283,0.0000,1
-20.3627,541.2955,0.0000,12
-533.6995,598.7861,0.0000,1
117.5744,562.4697,0.0000,1
614.9053,-344.3397,0.0000,12
-682.2634,-160.1843,0.0000,1
-318.5633,-684.1135,0.0000,12
-381.4932,477.8181,0.0000,1
14.2075,-3.2473,0.0000,12
139.3351,60.3836,0.0000,1
592.1874,185.6075,0.0000,1
-807.2967,-144.5598,0.0000,1
-97.3045,-799.9463,0.0000,1
-260.1576,745.4915,0.0000,1
-548.6898,306.8115,0.0000,1
219.5233,-227.6203,0.0000,1
-350.1369,161.4413,0.0000,1
-459.6436,500.2727,0.0000,1
25.0115,-472.0034,0.0000,1
415.0306,-443.0669,0.0000,12
-151.1781,225.0563,0.0000,1
114.9584,-253.9201,0.0000,1
-641.7562,-37.4782,0.0000,12
-50.2761,-140.6732,0.0000,12
480.1182,-299.0803,0.0000,1
-520.7520,304.6285,0.0000,1
617.5079,254.5998,0.0000,1
257.8320,-734.7980,0.0000,12
378.7201,190.2685,0.0000,1
-569.3056,136.1928,0.0000,1
247.0420,-188.8950,0.0000,1
71.5178,282.0832,0.0000,12
-196.1528,217.4342,0.0000,1
-474.9694,-560.0901,0.0000,1
-400.9640,-415.1041,0.0000,1
744.3851,-84.6439,0.0000,12
-634.1235,238.6408,0.0000,1
424.5706,678.7840,0.0000,1
-363.5953,-495.8363,0.0000,1
-99.9651,135.5529,0.0000,1
118.7606,-259.5963,0.0000,12
366.5476,301.3510,0.0000,12
467.5741,-32.2305,0.0000,1
-20.9344,536.1916,0.0000,1
429.4537,176.3449,0.0000,1
415.4761,-704.5684,0.0000,12
-4.3494,-635.2206,0.0000,1
181.4124,523.6820,0.0000,1
522.3857,29.3376,0.0000,1
578.3345,-2.5278,0.0000,1
-79.2419,777.1706,0.0000,12
413.9061,-83.6263,0.0000,12
-372.5554,4.5293,0.0000,1
338.5420,-665.9336,0.0000,1
414.4442,-380.2750,0.0000,1
262.2077,344.9130,0.0000,1
-530.4543,-531.4362,0.0000,1
-556.8187,-3.1587,0.0000,1
348.2882,572.3897,0.0000,12
410.9280,-609.1109,0.0000,12
-165.6700,-300.8677,0.0000,1
-683.5757,113.6454,0.0000,12
-357.8635,575.2707,0.0000,12
765.8239,-288.6196,0.0000,1
-582.2506,-483.6174,0.0000,12
-65.8877,795.7526,0.0000,12
-361.5336,681.2216,0.0000,1
-416.0120,-92.0004,0.0000,1
437.8795,679.0532,0.0000,1
-561.4086,70.3345,0.0000,1
747.5708,364.2587,0.0000,12
469.8260,143.6504,0.0000,1
64.9530,635.7300,0.0000,1
-433.4256,411.1710,0.0000,12
610.4057,347.8314,0.0000,1
528.1633,515.1049,0.0000,1
662.6455,457.8122,0.0000,1
-310.1490,-308.3231,0.0000,1
-2.0918,-827.3721,0.0000,1
769.2303,-200.2537,0.0000,1
-99.7862,593.7611,0.0000,1
601.7438,-30.1118,0.0000,1
316.4040,447.1434,0.0000,12
-52.9644,-105.0148,0.0000,1
172.2154,786.1921,0.0000,1
-40.5650,-503.3670,0.0000,1
-374.1631,178.4908,0.0000,1
-73.2899,81.3757,0.0000,1
677.1557,-285.2855,0.0000,1
-180.6106,458.8953,0.0000,1
343.3364,-738.9676,0.0000,12
254.9075,-6.0753,0.0000,1
717.3723,91.3827,0.0000,1
493.1906,-202.4884,0.0000,1
483.1354,434.1674,0.0000,1
148.5254,-371.4264,0.0000,12
289.6194,333.5361,0.0000,12
-777.6596,217.8159,0.0000,12
-371.4276,-529.8716,0.0000,1
606.4071,-317.8707,0.0000,12
-723.3584,31.1716,0.0000,1
-226.6879,479.2419,0.0000,1
-272.6589,-695.9333,0.0000,1
-448.9749,-79.7076,0.0000,1
-736.5874,267.1161,0.0000,12
579.5606,-496.0275,0.0000,1
-568.8812,553.1046,0.0000,12
727.6089,332.0199,0.0000,1
162.8144,-90.2619,0.0000,1
-394.4368,7.3696,0.0000,1
674.6624,450.9395,0.0000,1
754.4779,295.3043,0.0000,1
-743.1187,103.4835,0.0000,1
395.3994,426.6156,0.0000,1
-56.3839,499.4400,0.0000,1
-339.9358,-674.7678,0.0000,1
-61.8792,162.0135,0.0000,1
-225.3852,-141.9239,0.0000,1
-211.6713,-616.7616,0.0000,1
-594.6789,546.5188,0.0000,1
-549.8432,399.5629,0.0000,1
586.7289,214.4487,0.0000,1
-273.4927,784.5233,0.0000,1
610.2481,-433.2945,0.0000,1
181.1971,-16.1148,0.0000,12
-314.4519,-423.3679,0.0000,12
264.2883,-713.4025,0.0000,12
-542.3790,622.0383,0.0000,1
280.3888,459.2601,0.0000,1
-470.1212,263.6943,0.0000,12
322.6918,98.3413,0.0000,1
-88.1719,13.3251,0.0000,1
-507.7946,102.9579,0.0000,12
621.4999,487.9692,0.0000,12
-397.6197,215.6940,0.0000,12
138.8954,103.6731,0.0000,12
-103.6383,-174.1256,0.0000,12
-13.6995,733.1838,0.0000,12
347.8239,-72.2313,0.0000,1
464.1052,461.1163,0.0000,1
-435.2286,-279.9181,0.0000,1
521.2817,422.3713,0.0000,1
-256.0557,207.9352,0.0000,12
-110.7497,-284.1502,0.0000,12
-605.0104,-125.3963,0.0000,1
-649.9939,366.2864,0.0000,12
294.6010,-271.0114,0.0000,1
-232.7352,230.2136,0.0000,1
398.7080,-265.1554,0.0000,12
-114.8940,-16.9754,0.0000,1
31.3321,137.6618,0.0000,1
-666.8010,326.8729,0.0000,12
-138.7466,777.2238,0.0000,1
-825.3496,-87.5878,0.0000,1
709.2666,281.4020,0.0000,1
-279.3824,10.5304,0.0000,1
-699.9248,-43.4936,0.0000,1
10.3385,-566.4103,0.0000,1
723.5257,388.3046,0.0000,12
-259.6334,-652.4250,0.0000,12
194.5307,645.0008,0.0000,1
-363.1760,331.7461,0.0000,1
-675.9853,-22.5344,0.0000,1
-233.2112,-172.9120,0.0000,12
-666.7442,-269.7261,0.0000,1
351.7416,-23.6134,0.0000,12
72.9928,72.1517,0.0000,1
41.5512,613.4107,0.0000,1
363.7732,-210.8684,0.0000,1
-782.4952,45.5167,0.0000,1
-684.8196,-306.4125,0.0000,1
471.3552,555.8254,0.0000,1
779.2700,-82.7147,0.0000,12
-309.8163,-732.3173,0.0000,1
-302.1955,-687.2897,0.0000,12
-126.8288,-273.4482,0.0000,1
570.9826,562.6192,0.0000,1
-50.6879,-122.2983,0.0000,1
94.1117,188.7427,0.0000,12
-506.6471,-413.1859,0.0000,1
-165.0882,282.4504,0.0000,1
317.5025,369.7703,0.0000,1
650.7066,203.3330,0.0000,1
7.7953,-30.8735,0.0000,1
546.1267,41.9402,0.0000,1
-175.7656,562.1948,0.0000,1
-22.4026,351.5228,0.0000,12
-82.4689,577.2063,0.0000,1
115.6996,487.6541,0.0000,1
-675.8818,-362.2030,0.0000,1
-623.9654,141.4591,0.0000,12
337.0192,122.7640,0.0000,1
-463.1502,-224.7681,0.0000,1
-111.5645,546.4131,0.0000,1
-148.6650,637.2063,0.0000,12
165.5066,724.4510,0.0000,12
-315.7827,-401.4915,0.0000,12
803.5962,-143.4995,0.0000,12
-362.1615,214.1146,0.0000,12
-225.5841,-336.5012,0.0000,12
22.2867,103.0728,0.0000,1
186.1288,463.5628,0.0000,1
116.3112,-367.2996,0.0000,1
349.6488,-457.0615,0.0000,1
-44.1024,-49.7594,0.0000,1
88.0782,815.5400,0.0000,1
442.9367,656.1644,0.0000,1
-676.4659,-128.5249,0.0000,1
-232.8636,-414.2220,0.0000,12
-556.7082,179.0491,0.0000,12
73.2788,465.6037,0.0000,1
376.6071,-212.1827,0.0000,1
-300.5822,314.2758,0.0000,1
-44.2104,-297.0538,0.0000,12
721.5041,21.8172,0.0000,12
-635.5889,536.8289,0.0000,1
267.3460,-452.0710,0.0000,12
222.6631,-712.9352,0.0000,1
-317.5838,-728.4288,0.0000,12
755.5782,-313.5223,0.0000,1
667.4867,-144.5277,0.0000,1
596.9779,315.6393,0.0000,1
-510.2409,-215.9170,0.0000,1
41.1373,-332.7891,0.0000,1
716.3192,99.3369,0.0000,1
-29.5807,172.6333,0.0000,1
-269.3176,541.1539,0.0000,1
123.7889,-257.4509,0.0000,1
-26.3838,471.8892,0.0000,12
351.2309,0.8409,0.0000,1
579.4491,-205.7948,0.0000,1
-300.0672,577.4588,0.0000,1
674.6037,456.3286,0.0000,1
47.6014,-238.8665,0.0000,1
-474.0457,-171.7779,0.0000,12
275.6883,-34.4594,0.0000,12
-481.0995,663.1004,0.0000,12
-444.2532,276.4258,0.0000,1
-117.0522,59.3650,0.0000,12
-174.2373,-449.6509,0.0000,12
477.8229,-295.5448,0.0000,1
-119.2223,439.0225,0.0000,1
187.3229,69.5867,0.0000,1
-771.0233,178.6445,0.0000,1
741.1881,-195.7072,0.0000,1
-45.6297,-443.9656,0.0000,1
-225.1757,58.2320,0.0000,1
-563.0216,103.6234,0.0000,1
-529.3619,19.8135,0.0000,1
-344.5948,418.9928,0.0000,12
515.5181,298.5015,0.0000,12
-361.6493,-450.2318,0.0000,1
-601.3194,91.4061,0.0000,1
-287.1131,-780.6764,0.0000,1
-134.2407,591.9222,0.0000,1
157.4934,-411.0457,0.0000,1
627.0662,-252.3572,0.0000,12
-335.5345,321.7751,0.0000,1
-149.3271,36.1822,0.0000,1
237.6148,32.8943,0.0000,1
-780.5513,272.0440,0.0000,1
339.3942,731.0649,0.0000,12
-72.0516,-180.3910,0.0000,1
465.2486,501.8317,0.0000,1
397.2868,87.9002,0.0000,1
56.8255,-423.3226,0.0000,12
-798.4045,-91.6380,0.0000,1
210.2949,-279.5364,0.0000,1
112.7065,728.3281,0.0000,1
361.1923,223.4055,0.0000,1
117.0491,-400.5391,0.0000,1
-301.5757,342.9767,0.0000,1
366.0886,-387.3934,0.0000,1
-487.8025,633.5216,0.0000,12
-425.7894,-493.8917,0.0000,1
328.5246,12.3026,0.0000,12
-541.4727,356.5283,0.0000,1
-334.1811,477.6375,0.0000,1
765.6991,-81.6241,0.0000,1
-460.7901,-690.5063,0.0000,1
-672.6123,342.1137,0.0000,1
-6.9820,-130.9636,0.0000,12
-316.4135,-711.6680,0.0000,12
293.6052,-561.1166,0.0000,1
-272.8511,595.6996,0.0000,1
-681.7136,-348.4012,0.0000,12
-190.7586,324.2889,0.0000,12
-512.3938,377.6043,0.0000,1
-584.6567,-173.9593,0.0000,1
-202.3617,729.7758,0.0000,1
526.2108,54.7224,0.0000,1
725.2568,-242.0102,0.0000,12
-330.9418,100.8321,0.0000,1
-677.3128,209.8001,0.0000,1
165.5756,48.3495,0.0000,12
-21.3936,342.0876,0.0000,1
-762.2868,-69.8536,0.0000,1
-694.8173,257.1646,0.0000,1
-476.8736,-153.0762,0.0000,1
-17.6274,754.9054,0.0000,1
-596.4911,-263.2347,0.0000,1
-254.0331,504.3689,0.0000,1
-598.9681,-265.2273,0.0000,12
334.0859,106.9513,0.0000,1
102.3207,369.4692,0.0000,1
-585.3526,301.6611,0.0000,1
-361.3603,-535.8180,0.0000,1
-421.5190,694.2176,0.0000,12
-256.8561,-436.2295,0.0000,1
-78.8959,112.0358,0.0000,12
307.9937,-229.8282,0.0000,1
358.6971,-180.4992,0.0000,1
200.4208,446.5268,0.0000,1
130.5467,-4.1028,0.0000,1
-124.4416,-440.2461,0.0000,12
-378.8330,-661.1591,0.0000,1
-212.3671,264.7756,0.0000,1
-620.2629,444.8185,0.0000,1
-462.9680,-660.9965,0.0000,1
393.6228,115.5989,0.0000,12
-175.1738,-746.4714,0.0000,1
716.0892,43.9275,0.0000,1
-582.2679,-261.3234,0.0000,12
724.6290,-216.8585,0.0000,1
42.9558,523.1029,0.0000,1
146.3117,-772.4837,0.0000,1
-21.9194,-411.8566,0.0000,1
-327.7422,61.9999,0.0000,1
35.0260,-71.1604,0.0000,1
787.4586,160.8797,0.0000,12
-609.2668,339.8194,0.0000,1
691.9571,-18.7325,0.0000,1
-747.6422,-85.9099,0.0000,12
-394.0344,217.5248,0.0000,12
718.5758,190.0776,0.0000,1
-461.5587,597.0007,0.0000,1
-644.5267,-108.1345,0.0000,1
-664.3594,466.6737,0.0000,1
-573.2264,-340.3705,0.0000,12
-224.2323,753.2051,0.0000,12
38.7550,655.6560,0.0000,1
457.4095,672.5496,0.0000,1
-292.8964,-598.7528,0.0000,1
-825.3034,-45.2941,0.0000,12
459.8326,-340.1802,0.0000,1
-205.1846,251.9742,0.0000,1
112.0858,-753.0875,0.0000,1
-318.8581,-643.0575,0.0000,1
346.2885,-363.1219,0.0000,1
-413.2891,-470.9604,0.0000,1
-638.7805,-147.2165,0.0000,1
-632.5711,82.1203,0.0000,1
-365.6662,286.1615,0.0000,1
5.5816,181.5801,0.0000,12
-431.9690,-658.2585,0.0000,1
484.7160,-170.7057,0.0000,1
236.5092,-543.0922,0.0000,1
171.9805,577.6558,0.0000,1
-173.4595,140.7893,0.0000,1
288.4492,-4.2442,0.0000,1
262.0947,593.2751,0.0000,12
-530.1897,223.8613,0.0000,1
9.5254,-313.3737,0.0000,12
82.7406,-22.4141,0.0000,12
453.0597,44.9902,0.0000,1
-146.6518,194.9014,0.0000,1
-377.3354,-286.6750,0.0000,1
503.2683,567.1270,0.0000,1
185.5295,-377.0188,0.0000,1
330.8837,262.5364,0.0000,1
-607.3733,-157.3792,0.0000,1
-585.1523,425.2033,0.0000,1
-436.5886,-421.0629,0.0000,12
-625.8777,396.6373,0.0000,1
-687.7840,211.5068,0.0000,1
483.9368,-520.4853,0.0000,1
138.7750,422.7080,0.0000,12
-535.1657,273.9478,0.0000,1
200.6609,-447.8031,0.0000,1
-682.3613,149.9683,0.0000,1
-9.4482,-202.0968,0.0000,1
-446.5917,99.8693,0.0000,1
142.8257,-0.5042,0.0000,1
-167.2451,715.6230,0.0000,1
-586.5824,-408.8423,0.0000,1
-408.2652,-693.5826,0.0000,12
-174.2616,164.1227,0.0000,1
-181.2102,458.2350,0.0000,1
272.9784,-520.1062,0.0000,12
219.0734,-62.0635,0.0000,1
-506.8338,-522.0654,0.0000,12
742.6076,-250.3161,0.0000,1
804.2049,60.2590,0.0000,12
493.4548,-36.4328,0.0000,1
470.1833,614.5879,0.0000,1
-307.8942,-366.8313,0.0000,1
299.5518,-375.4188,0.0000,1
740.8380,293.9838,0.0000,1
332.9604,-43.9203,0.0000,12
-656.4213,-425.8370,0.0000,1
-144.9417,439.1854,0.0000,12
558.4596,-68.8207,0.0000,12
317.9266,272.1759,0.0000,1
629.6684,79.4572,0.0000,1
-212.1312,-758.8967,0.0000,1
-38.9303,205.2760,0.0000,1
405.0059,708.1981,0.0000,1
99.8003,59.1332,0.0000,1
482.3917,-180.6194,0.0000,12
-98.7147,426.1801,0.0000,1
-412.6411,-125.4258,0.0000,12
168.1659,-782.0398,0.0000,12
435.3139,-355.8918,0.0000,1
258.6850,184.1975,0.0000,1
660.1520,416.0047,0.0000,12
-250.9351,-508.3386,0.0000,1
514.5667,-178.5972,0.0000,1
-26.5118,-55.1778,0.0000,12
-278.5234,-444.5850,0.0000,12
467.5768,-485.9877,0.0000,12
94.6885,-570.1054,0.0000,1
717.0874,66.5580,0.0000,12
-66.2298,-3.2013,0.0000,12
611.9309,253.0326,0.0000,1
-684.2270,-269.6940,0.0000,12
-589.6652,-351.3667,0.0000,12
-235.6407,259.0227,0.0000,1
554.3459,516.8936,0.0000,12
647.8927,369.5787,0.0000,12
-240.7822,740.6536,0.0000,1
560.9458,-295.5026,0.0000,1
450.5716,-407.7069,0.0000,12
354.5658,166.3052,0.0000,12
471.5884,552.4122,0.0000,1
-442.3628,412.2289,0.0000,1
738.4991,165.4782,0.0000,1
-290.9712,-32.8182,0.0000,1
-475.5752,217.3792,0.0000,1
-341.6766,-61.0802,0.0000,12
-342.4711,-88.8639,0.0000,12
-737.1132,21.8799,0.0000,1
-451.0147,523.5550,0.0000,1
254.1094,-405.6121,0.0000,1
-738.1116,-307.4955,0.0000,12
-281.3157,-66.6956,0.0000,1
-186.2734,-409.7779,0.0000,12
-64.6063,-641.2222,0.0000,12
-648.9240,-504.7592,0.0000,1
-230.4360,-631.3168,0.0000,1
-49.9391,-566.2196,0.0000,12
-284.1963,165.2263,0.0000,12
-10.9047,-780.0748,0.0000,1
124.5483,-133.9105,0.0000,12
297.3002,76.6329,0.0000,12
-754.6406,-264.4344,0.0000,1
538.8877,157.5849,0.0000,1
-302.1162,542.2726,0.0000,1
184.9120,2.7872,0.0000,1
385.9296,316.9401,0.0000,1
-707.0280,-162.0427,0.0000,1
-302.3516,-417.7593,0.0000,1
-609.9008,-317.5703,0.0000,1
74.7971,428.2244,0.0000,1
-200.3408,780.9442,0.0000,1
-129.2257,359.3687,0.0000,12
78.8473,-679.5100,0.0000,12
398.8497,-325.8852,0.0000,1
-37.4584,171.9918,0.0000,1
-371.0128,388.4035,0.0000,12
443.4348,161.2419,0.0000,1
-651.7444,-513.6928,0.0000,1
102.9754,-415.2751,0.0000,1
536.1798,-225.6168,0.0000,12
-358.3530,435.9711,0.0000,12
126.6906,-573.8069,0.0000,1
-300.6263,-126.5813,0.0000,1
634.9115,182.7306,0.0000,1
-527.2554,596.4273,0.0000,12
-682.8668,-84.3928,0.0000,1
696.4120,-154.5698,0.0000,12
-328.1201,-332.5523,0.0000,1
21.2379,-32.7743,0.0000,12
-119.8823,-687.8995,0.0000,1
81.4708,-129.9087,0.0000,12
722.1050,410.0456,0.0000,12
-331.1390,-72.3790,0.0000,1
174.4425,533.7239,0.0000,1
-106.3341,-324.2283,0.0000,12
619.9040,-254.0146,0.0000,12
17.6635,425.1291,0.0000,12
720.4588,215.9394,0.0000,12
-284.4596,-333.1380,0.0000,12
-221.6423,-330.0553,0.0000,12
309.0429,487.5099,0.0000,12
-654.0809,504.5412,0.0000,1
-507.3590,81.1766,0.0000,1
714.8944,137.8078,0.0000,12
786.3403,-151.4545,0.0000,12
460.8407,392.0307,0.0000,1
617.4867,120.9983,0.0000,1
141.4598,339.0784,0.0000,1
-420.3684,48.8011,0.0000,1
-414.3212,-273.9546,0.0000,1
247.8683,-537.7622,0.0000,1
230.0121,649.7720,0.0000,1
427.9820,-585.1951,0.0000,1
-154.7758,-696.0147,0.0000,1
-83.9979,31.5468,0.0000,1
-124.1983,-578.0079,0.0000,1
-47.6024,-358.5818,0.0000,1
307.7753,-45.0592,0.0000,12
621.3049,-473.0410,0.0000,1
-49.5498,-328.6613,0.0000,12
-383.1825,376.0360,0.0000,1
-440.8507,408.6087,0.0000,1
-166.7401,-756.4229,0.0000,1
150.7217,-649.5997,0.0000,12
130.5946,687.2750,0.0000,1
417.6392,-226.7620,0.0000,1
298.5438,361.7966,0.0000,1
-431.1526,247.2451,0.0000,1
-345.6217,-473.5680,0.0000,1
-106.4287,340.7450,0.0000,1
-738.4352,1.0306,0.0000,1
-639.3423,331.5105,0.0000,1
-631.5545,-33.2845,0.0000,1
-678.7052,109.0515,0.0000,1
114.5746,-467.6254,0.0000,1
-514.1918,-437.7045,0.0000,1
574.5473,-534.3384,0.0000,12
278.3594,-229.4447,0.0000,12
226.5009,-638.2292,0.0000,1
96.3271,765.0609,0.0000,12
198.2251,-797.8705,0.0000,12
-723.2402,-201.9627,0.0000,1
710.1856,-345.7311,0.0000,12
-41.3357,552.8643,0.0000,1
-119.5263,-360.8189,0.0000,1
-100.0703,434.3052,0.0000,12
26.7954,-362.0877,0.0000,12
94.0798,258.7114,0.0000,1
-554.5461,285.8456,0.0000,12
-697.3985,98.6400,0.0000,1
315.2670,352.8130,0.0000,12
744.3513,-24.7717,0.0000,1
-555.4129,-100.7847,0.0000,1
540.4601,371.1778,0.0000,1
637.3018,232.6705,0.0000,1
-24.4563,-755.3854,0.0000,1
-358.8611,548.9676,0.0000,1
711.8198,109.8973,0.0000,12
-209.8545,-314.1613,0.0000,12
-242.5479,-488.7476,0.0000,1
-476.5313,-149.2521,0.0000,1
-590.0589,415.2280,0.0000,1
-305.3043,-644.6761,0.0000,12
154.7218,562.0995,0.0000,1
83.9417,-262.9103,0.0000,1
217.5390,140.7574,0.0000,1
-133.7977,567.9795,0.0000,1
-614.0380,64.6563,0.0000,1
349.5886,329.9480,0.0000,1
-185.0748,-656.4516,0.0000,1
282.6313,-537.5001,0.0000,12
573.9080,-471.9784,0.0000,1
35.6739,23.6588,0.0000,1
-469.1657,-664.3043,0.0000,12
-714.2319,368.1705,0.0000,1
71.3676,322.6034,0.0000,1
212.0289,-121.8422,0.0000,1
136.3351,-609.1843,0.0000,12
-539.5583,280.7200,0.0000,1
-682.8801,-423.4536,0.0000,1
-676.9527,-284.2681,0.0000,1
-220.0890,-512.6799,0.0000,12
281.7231,-399.8218,0.0000,1
-273.7072,-556.2110,0.0000,1
48.9588,-739.4535,0.0000,12
182.5788,303.4078,0.0000,1
-457.3673,185.3210,0.0000,1
464.4201,-242.8337,0.0000,12
-84.2885,-777.4101,0.0000,12
-639.4552,148.2350,0.0000,1
-336.4988,-386.9889,0.0000,12
-115.1569,579.0477,0.0000,12
743.6381,76.8442,0.0000,12
405.7212,77.5302,0.0000,1
152.0707,394.5422,0.0000,1
-493.4521,584.2479,0.0000,1
616.0798,-297.9819,0.0000,1
448.1221,-363.3636,0.0000,12
674.0883,397.6237,0.0000,1
171.7520,91.6875,0.0000,1
-28.4731,301.5669,0.0000,1
-246.9520,-440.9130,0.0000,1
30.9512,260.8981,0.0000,1
188.0099,-659.6186,0.0000,1
8.5158,745.4804,0.0000,1
100.4610,527.9701,0.0000,1
504.7398,427.9305,0.0000,1
-129.7944,-453.1942,0.0000,1
599.1098,210.0716,0.0000,12
442.5466,142.3309,0.0000,1
544.9465,239.1674,0.0000,1
-10.7755,378.6812,0.0000,1
-126.5198,-548.8180,0.0000,1
92.9656,-540.7639,0.0000,1
122.8645,141.7706,0.0000,1
190.7354,-282.6993,0.0000,1
337.7455,-605.0944,0.0000,12
-448.6765,405.0970,0.0000,12
36.2598,446.4451,0.0000,1
-463.5287,39.3851,0.0000,1
-7.9805,701.0571,0.0000,1
-210.8161,430.3035,0.0000,12
210.9799,520.4330,0.0000,1
230.5948,-711.8405,0.0000,1
-426.2120,-505.6226,0.0000,12
404.9246,490.4251,0.0000,1
-645.9966,-390.8788,0.0000,1
-274.3349,214.7732,0.0000,12
327.3104,-110.3102,0.0000,12
444.1529,-164.1397,0.0000,1
-524.1717,-290.2840,0.0000,12
369.2244,-654.9836,0.0000,1
-62.4436,471.5297,0.0000,1
409.5310,386.5022,0.0000,1
233.5137,-300.1053,0.0000,12
-200.9455,145.9504,0.0000,1
-420.2666,-107.0574,0.0000,12
-4.0409,-117.1806,0.0000,12
587.1915,-171.2872,0.0000,1
-512.8519,579.8333,0.0000,1
41.1152,238.0679,0.0000,12
740.6547,89.9094,0.0000,1
-583.2842,-117.1321,0.0000,1
749.0434,360.9711,0.0000,1
-780.0345,-29.8121,0.0000,12
-553.7827,-528.1910,0.0000,12
-11.8065,774.2786,0.0000,12
-253.1390,655.9741,0.0000,12
315.5796,-763.9578,0.0000,1
-132.0222,23.7240,0.0000,1
-461.7181,-304.0741,0.0000,1
488.8687,641.2479,0.0000,12
30.4686,-419.4113,0.0000,1
-40.8039,-343.5084,0.0000,1
530.4290,572.7107,0.0000,12
439.2922,-46.0735,0.0000,1
390.4398,159.4555,0.0000,1
18.4560,-713.8521,0.0000,1
117.7775,395.6090,0.0000,1
804.4436,-204.5132,0.0000,12
-62.7251,-5.2413,0.0000,1
-521.9031,-245.3514,0.0000,12
-48.2984,-187.4356,0.0000,1
751.2130,-68.4936,0.0000,12
278.8854,331.1887,0.0000,1
487.1731,-665.6031,0.0000,1
515.4961,-254.6787,0.0000,1
607.9084,292.1796,0.0000,1
-817.1912,-118.4531,0.0000,1
-584.2783,-398.1998,0.0000,1
-350.4278,-709.1322,0.0000,12
185.9375,642.1350,0.0000,1
-192.5093,625.3415,0.0000,12
-470.6973,-426.7636,0.0000,1
-0.4667,448.8213,0.0000,12
430.9509,-78.7098,0.0000,12
795.5854,-125.0349,0.0000,12
-95.0494,-300.5934,0.0000,12
-328.1401,539.0606,0.0000,1
583.2170,-296.1469,0.0000,1
-180.9237,-588.3323,0.0000,1
95.5453,-325.2477,0.0000,1
-286.2148,171.3644,0.0000,1
1.6830,-511.2156,0.0000,1
369.9664,17.1137,0.0000,12
183.7979,643.4776,0.0000,1
-475.9904,434.7133,0.0000,1
510.5888,422.0755,0.0000,12
279.3334,-276.3189,0.0000,1
-113.7516,771.6985,0.0000,1
226.9780,145.0371,0.0000,1
21.1893,215.8811,0.0000,1
460.6121,641.9282,0.0000,1
-128.8821,175.1599,0.0000,1
-494.3625,563.1710,0.0000,1
-15.9208,439.0986,0.0000,1
757.7092,-188.1021,0.0000,12
321.0562,102.1749,0.0000,1
-485.9874,484.2627,0.0000,1
648.2394,-487.8105,0.0000,12
342.5833,560.8016,0.0000,1
6.8325,68.8282,0.0000,1
-323.5797,-442.3599,0.0000,12
39.8946,-509.1372,0.0000,1
-396.6279,-644.4976,0.0000,1
353.8231,-538.0514,0.0000,1
293.3347,-527.1278,0.0000,1
-551.9911,49.4282,0.0000,1
-147.9910,-374.6453,0.0000,12
-470.3949,-73.1926,0.0000,1
661.0647,187.3170,0.0000,12
-395.3563,-426.0484,0.0000,1
485.0175,-330.3515,0.0000,1
-491.0472,591.7177,0.0000,12
-184.5505,-632.6601,0.0000,1
578.7204,-473.6308,0.0000,1
89.7160,758.8656,0.0000,1
576.7965,360.4454,0.0000,1
465.4085,144.6978,0.0000,1
-584.2422,577.9499,0.0000,1
329.8970,-726.5409,0.0000,1
144.9980,667.2628,0.0000,1
-134.3705,-809.4652,0.0000,1
677.2883,-460.7576,0.0000,1
-184.5016,-25.7880,0.0000,12
514.7408,-599.9651,0.0000,12
528.1257,-10.5331,0.0000,1
-732.7590,-343.0839,0.0000,12
-241.1772,-259.7691,0.0000,1
302.1409,194.5131,0.0000,1
242.1599,-568.8295,0.0000,12
287.6319,-461.1982,0.0000,12
-680.3873,-282.4813,0.0000,12
30.7589,133.4803,0.0000,12
-124.7916,515.3777,0.0000,12
-729.8207,255.8477,0.0000,1
-92.7871,-154.6689,0.0000,1
-104.0252,15.3942,0.0000,1
650.6406,-484.1865,0.0000,1
-231.0249,-528.6117,0.0000,12
-804.5709,48.6136,0.0000,1
-505.6834,306.5947,0.0000,12
329.4090,-520.8815,0.0000,12
403.2541,-621.8552,0.0000,1
-439.2156,272.1789,0.0000,1
558.9652,-55.5376,0.0000,1
-406.1106,90.5869,0.0000,1
709.4954,203.3940,0.0000,1
-610.3325,302.2129,0.0000,12
-318.2027,333.8306,0.0000,1
-132.5872,-353.7982,0.0000,1
186.8866,-748.8612,0.0000,1
305.7155,-545.9639,0.0000,1
-35.0442,424.8278,0.0000,1
467.8537,-132.4555,0.0000,1
238.9353,59.9775,0.0000,12
430.0491,-537.7781,0.0000,12
154.4032,657.7264,0.0000,1
413.9266,333.5841,0.0000,1
-367.5614,-480.6086,0.0000,1
591.8586,488.2352,0.0000,1
429.3653,-96.8522,0.0000,1
458.6544,-196.4044,0.0000,1
-5.8962,165.9300,0.0000,12
21.1836,-708.2321,0.0000,1
337.2032,437.0892,0.0000,12
-697.1151,-9.9784,0.0000,12
419.1272,61.5636,0.0000,12
-436.6506,-639.6839,0.0000,12
-226.6286,-475.9728,0.0000,1
787.5065,-89.9305,0.0000,12
-460.8527,-316.8740,0.0000,1
310.9984,-383.2395,0.0000,1
-222.5248,-594.9841,0.0000,12
634.1794,-175.7325,0.0000,12
231.3269,203.7050,0.0000,1
-689.4218,224.0073,0.0000,12
265.6747,242.0744,0.0000,1
695.1734,320.9908,0.0000,1
202.0103,-108.4851,0.0000,1
-100.6541,-225.5511,0.0000,1
293.6880,-172.2191,0.0000,1
-721.8917,-218.7522,0.0000,12
-747.6910,-226.1443,0.0000,12
44.4474,-349.3396,0.0000,1
-280.7034,413.2101,0.0000,1
-536.4308,-428.2422,0.0000,1
188.4438,525.7920,0.0000,1
742.3987,222.4930,0.0000,1
-231.9948,355.3643,0.0000,1
650.6276,85.9163,0.0000,1
-407.4924,596.2625,0.0000,1
-641.0020,97.7576,0.0000,1
796.0914,-44.0323,0.0000,1
125.5739,-246.6027,0.0000,1
-700.6580,178.0223,0.0000,1
322.9706,-633.1036,0.0000,1
214.3807,-347.7523,0.0000,1
646.4288,-409.8206,0.0000,1
-745.3825,199.1947,0.0000,12
-725.5287,352.9790,0.0000,12
675.3410,469.4383,0.0000,1
66.1970,-216.2742,0.0000,1
723.3935,-403.7199,0.0000,1
112.9401,387.5367,0.0000,1
428.2656,-516.7288,0.0000,1
-478.9429,408.9941,0.0000,12
-70.9202,-49.6559,0.0000,12
393.2998,-577.7210,0.0000,1
-453.9908,308.1862,0.0000,1
-51.0600,302.1699,0.0000,1
-73.2996,79.2798,0.0000,1
652.0765,-394.9276,0.0000,1
-439.8603,-270.0647,0.0000,1
168.5630,-194.2878,0.0000,1
494.1567,-647.9129,0.0000,1
466.7811,-635.6066,0.0000,1
-406.8897,-486.7596,0.0000,1
-453.9944,-612.1322,0.0000,12
-267.4244,64.0035,0.0000,1
-591.0164,311.7266,0.0000,1
-769.8007,129.7342,0.0000,1
786.2326,-4.8787,0.0000,1
-464.6470,-580.1531,0.0000,1
71.7561,-336.8119,0.0000,1
-70.5997,-51.2890,0.0000,1
-259.6620,270.4692,0.0000,1
-556.1524,16.6650,0.0000,12
508.0674,144.9861,0.0000,1
69.3492,-34.5778,0.0000,1
358.8113,-557.3565,0.0000,1
573.5258,-481.6249,0.0000,1
-533.9467,420.5170,0.0000,1
-154.3588,562.4684,0.0000,1
160.2096,578.8030,0.0000,12
276.9411,604.7029,0.0000,1
-187.9725,-454.0757,0.0000,1
-528.3276,255.3601,0.0000,12
-404.7032,74.5387,0.0000,12
25.6884,170.4835,0.0000,12
-717.4242,-148.6555,0.0000,1
40.4157,-743.0772,0.0000,1
595.4428,451.2659,0.0000,1
183.0340,-548.4156,0.0000,1
-710.1228,-360.4497,0.0000,1
105.9776,-155.9838,0.0000,12
-681.3478,175.0300,0.0000,1
-618.8509,-74.4016,0.0000,1
-549.8479,-398.5318,0.0000,12
-88.7985,-619.9938,0.0000,1
517.7523,-384.1656,0.0000,1
674.9077,-461.6504,0.0000,1
14.2513,-49.6525,0.0000,1
489.1816,262.0823,0.0000,1
670.3236,46.8251,0.0000,1
-192.2456,-615.0708,0.0000,1
419.4566,543.4952,0.0000,12
204.0179,-719.6644,0.0000,12
564.8435,-387.9084,0.0000,1
-726.3729,-281.8337,0.0000,1
427.9058,-158.4856,0.0000,1
-422.6025,-67.4251,0.0000,12
425.6878,318.4523,0.0000,1
266.5170,-558.1624,0.0000,1
141.4350,-670.2748,0.0000,12
-516.3125,450.1674,0.0000,1
41.1834,-399.9800,0.0000,12
199.0584,567.1313,0.0000,1
338.8198,755.4634,0.0000,1
-717.2355,-357.9870,0.0000,1
-349.4084,276.1369,0.0000,12
-362.7168,-719.8556,0.0000,1
-591.1844,-222.1209,0.0000,1
7.5483,-422.3018,0.0000,1
-575.0188,-331.9793,0.0000,1
-444.5695,-605.3529,0.0000,12
-105.7407,710.7523,0.0000,12
-721.9811,102.6864,0.0000,1
469.3528,-483.2906,0.0000,1
173.6701,733.1761,0.0000,12
-189.4191,173.7070,0.0000,12
395.3398,-548.4468,0.0000,1
-39.5931,237.4776,0.0000,1
-294.5954,-387.9391,0.0000,12
58.5158,806.6002,0.0000,1
-428.2879,-97.1190,0.0000,1
507.0419,167.1813,0.0000,1
-697.0428,-363.8932,0.0000,1
-626.5064,515.9806,0.0000,1
-279.4575,-338.9628,0.0000,12
106.7448,-684.4586,0.0000,12
255.9173,155.6874,0.0000,1
497.4729,530.1876,0.0000,1
13.6771,-674.8522,0.0000,12
-366.3294,-608.3123,0.0000,12
497.7206,-94.8231,0.0000,12
-470.1294,-352.2925,0.0000,1
264.0058,123.1023,0.0000,12
33.5821,-451.9223,0.0000,1
43.3038,-377.0553,0.0000,12
534.8576,-542.5742,0.0000,12
214.8122,-288.3576,0.0000,1
353.7708,243.5213,0.0000,12
-778.2100,-154.9623,0.0000,12
-695.6753,-337.9471,0.0000,1
820.9741,-93.2595,0.0000,1
-202.3356,527.1367,0.0000,12
-692.3189,-229.1993,0.0000,12
619.5442,37.0680,0.0000,1
-27.8544,-532.9395,0.0000,1
-88.7207,442.9541,0.0000,1
278.9047,-632.3963,0.0000,1
599.6161,229.4001,0.0000,12
-209.5318,620.4514,0.0000,1
-563.5942,-378.6241,0.0000,12
-318.2414,186.6293,0.0000,1
230.0645,-289.8741,0.0000,1
679.1026,423.5043,0.0000,1
-649.6007,-144.8040,0.0000,12
374.3556,58.9601,0.0000,1
416.0359,478.7771,0.0000,1
737.1824,212.8211,0.0000,1
-274.8338,-706.8804,0.0000,12
72.5701,-318.3927,0.0000,1
-448.3643,13.1248,0.0000,1
256.1388,567.3102,0.0000,1
657.5589,-199.7004,0.0000,1
47.8989,-118.7553,0.0000,1
278.9089,152.7160,0.0000,1
-537.4132,-90.5829,0.0000,1
-496.0246,-560.0001,0.0000,1
352.0168,-588.8404,0.0000,1
304.2423,-476.7356,0.0000,12
710.1314,-203.6664,0.0000,12
470.4414,371.6799,0.0000,12
87.1158,-272.0961,0.0000,12
-376.6490,433.5053,0.0000,1
37.5975,-4.0143,0.0000,1
-577.0151,571.6529,0.0000,1
-70.9171,369.0471,0.0000,12
431.8663,239.8529,0.0000,1
414.4417,432.2040,0.0000,1
-69.0660,-124.6615,0.0000,1
-144.2721,-721.2111,0.0000,1
355.7971,-660.7037,0.0000,1
-26.0054,-604.5855,0.0000,12
-257.8361,305.9911,0.0000,1
-4.5450,-44.3066,0.0000,12
394.4613,614.0418,0.0000,12
-203.2758,-704.8314,0.0000,1
-42.9478,-601.1124,0.0000,12
-122.2867,39.8748,0.0000,12
-598.3185,-30.6549,0.0000,12
71.5499,-366.4795,0.0000,12
9.9541,-304.2743,0.0000,12
-241.7131,499.6071,0.0000,12
363.5151,88.8936,0.0000,1
-299.7123,434.2056,0.0000,12
-462.5741,243.7173,0.0000,1
-406.2378,131.6098,0.0000,1
751.7026,352.1493,0.0000,12
636.1388,-41.9751,0.0000,1
-226.0601,-755.8850,0.0000,12
-312.5816,-768.0971,0.0000,12
-77.0713,-714.4140,0.0000,12
151.2904,258.0575,0.0000,1
-191.3804,-357.4126,0.0000,1
280.7366,669.9776,0.0000,1
-306.8790,648.5920,0.0000,1
-197.6080,-158.9594,0.0000,12
-55.9981,-117.3912,0.0000,1
-415.4189,579.8192,0.0000,1
439.4727,139.3157,0.0000,1
317.2500,-207.9896,0.0000,1
367.1731,-727.1877,0.0000,1
-408.7945,66.6253,0.0000,12
416.5136,-175.2228,0.0000,1
352.9906,-535.4557,0.0000,1
258.2430,267.1800,0.0000,12
429.5193,11.0487,0.0000,1
-815.9486,3.1085,0.0000,1
246.6155,461.6420,0.0000,1
-675.8023,169.3442,0.0000,1
-378.5911,329.4624,0.0000,1
-427.1703,27.7452,0.0000,1
-224.0468,-552.9155,0.0000,12
-267.5872,-8.8527,0.0000,1
-281.4779,-581.7432,0.0000,12
48.4894,-681.0898,0.0000,12
265.9745,-376.8616,0.0000,1
310.8033,-504.6035,0.0000,1
-664.7895,117.2055,0.0000,1
-411.5765,-42.2723,0.0000,1
-675.1158,-47.5934,0.0000,1
-338.5562,-92.0359,0.0000,1
-502.7122,162.4921,0.0000,1
-755.0652,331.4390,0.0000,12
744.1388,-147.4327,0.0000,1
-331.4391,243.5882,0.0000,12
-273.3499,-473.0475,0.0000,1
380.8575,-320.4806,0.0000,1
445.8841,-574.8843,0.0000,1
66.3944,-501.3409,0.0000,1
81.4227,364.1368,0.0000,1
592.0974,-254.0924,0.0000,1
-167.6312,437.8959,0.0000,12
768.8862,-234.6179,0.0000,1
-262.6071,475.2307,0.0000,1
-158.8836,-29.9912,0.0000,1
-480.3720,472.7513,0.0000,1
-506.1833,-649.6058,0.0000,12
234.6601,-99.5297,0.0000,1
-312.5480,-436.8722,0.0000,12
168.6103,808.7202,0.0000,1
211.1713,471.9356,0.0000,12
727.1858,-337.6121,0.0000,12
-191.1642,759.6309,0.0000,12
-423.8768,-111.6767,0.0000,1
-451.7990,426.2834,0.0000,1
-134.8104,147.9723,0.0000,1
385.4854,-577.3071,0.0000,12
-14.2640,-509.5578,0.0000,1
-185.8894,-385.1646,0.0000,1
780.0508,227.6333,0.0000,12
380.7856,656.0204,0.0000,12
-529.1561,642.1117,0.0000,1
-319.9513,384.3338,0.0000,1
-379.8547,322.9674,0.0000,1
-213.3541,-210.8988,0.0000,1
134.6021,-55.5517,0.0000,1
173.2091,-474.2227,0.0000,1
578.0426,114.6581,0.0000,1
-325.4921,39.2398,0.0000,12
-133.1013,322.7325,0.0000,1
507.6388,115.5547,0.0000,1
-181.9871,-257.3551,0.0000,1
599.4583,491.8977,0.0000,1
-51.0596,-708.4962,0.0000,12
430.6570,200.0838,0.0000,12
-684.4011,-29.4216,0.0000,12
-656.6426,-406.7892,0.0000,1
-412.4311,-302.6589,0.0000,1
-5.0778,-769.1946,0.0000,1
-799.9671,-165.9265,0.0000,12
-30.4354,-494.6353,0.0000,1
41.0865,-484.1410,0.0000,1
650.3695,-125.6562,0.0000,1
-176.3377,316.6044,0.0000,1
-242.4743,-24.6003,0.0000,12
633.2422,372.4449,0.0000,1
-433.8871,513.3733,0.0000,1
-222.8721,294.9470,0.0000,1
393.9586,151.8719,0.0000,12
-136.1932,160.2063,0.0000,12
561.2614,462.5431,0.0000,1
-519.8802,-510.1541,0.0000,1
-239.0075,495.5159,0.0000,1
209.5521,-255.4128,0.0000,12
-263.3878,41.3322,0.0000,1
794.5031,-229.4685,0.0000,1
558.8644,-136.9751,0.0000,12
184.2522,-666.0589,0.0000,1
-739.1374,206.5452,0.0000,1
236.8117,-278.0305,0.0000,1
-576.8828,37.5992,0.0000,1
-296.6740,-457.0664,0.0000,1
-119.2592,413.3247,0.0000,12
97.0396,-209.5176,0.0000,1
-605.5540,309.8762,0.0000,1
68.3715,-1.0105,0.0000,12
302.6097,416.0902,0.0000,1
234.6924,758.7892,0.0000,12
-361.2952,418.8833,0.0000,1
-785.4977,-268.8319,0.0000,12
-15.5513,827.1078,0.0000,1
-129.0888,658.7998,0.0000,1
493.0036,10.7849,0.0000,1
195.2804,12.1841,0.0000,1
-374.9458,-696.8025,0.0000,1
-15.3038,-302.9986,0.0000,12
60.8669,721.9610,0.0000,12
62.5972,-799.3173,0.0000,12
797.9583,107.5915,0.0000,1
187.7512,421.8862,0.0000,1
-154.3541,-195.8422,0.0000,1
196.5087,-334.8389,0.0000,12
-448.5158,647.0728,0.0000,12
-513.7317,-540.7818,0.0000,12
192.6735,629.5790,0.0000,12
-318.6206,633.5643,0.0000,1
-42.0769,233.6720,0.0000,1
-177.0099,-628.2235,0.0000,1
310.1071,-634.3121,0.0000,12
12.5570,-6.4022,0.0000,1
48.6168,-396.4650,0.0000,1
511.5127,550.8223,0.0000,1
-560.8838,63.9658,0.0000,1
-461.0806,305.0350,0.0000,1
-58.6221,-636.5587,0.0000,1
551.9732,5.0073,0.0000,1
803.7133,135.9869,0.0000,1
317.0788,80.2062,0.0000,1
228.2027,526.6206,0.0000,1
669.1386,-432.7145,0.0000,1
-798.6242,-212.7554,0.0000,12
485.4942,-554.7246,0.0000,12
56.5447,374.0112,0.0000,1
-392.5506,102.3549,0.0000,12
66.2603,-16.8035,0.0000,1
-323.0927,465.0910,0.0000,1
347.5420,-502.5432,0.0000,1
414.4429,-153.0672,0.0000,1
-342.1314,596.2519,0.0000,1
185.6443,136.8996,0.0000,1
81.8782,424.6827,0.0000,1
162.9300,327.9730,0.0000,1
363.4332,-498.9150,0.0000,12
-105.9069,263.1861,0.0000,1
-101.1787,173.6052,0.0000,1
552.8031,-395.7871,0.0000,1
-165.2090,-386.4793,0.0000,1
11.9424,48.5902,0.0000,1
-724.2881,241.3362,0.0000,1
-521.0016,187.3860,0.0000,1
-387.4707,36.3064,0.0000,1
676.3366,105.1656,0.0000,1
69.8794,-390.3894,0.0000,1
-226.0998,-31.7761,0.0000,1
-324.0028,72.4047,0.0000,12
-338.6279,61.1792,0.0000,1
92.2584,31.8120,0.0000,12
227.9783,52.6262,0.0000,12
-676.5385,217.7125,0.0000,1
500.4667,632.5352,0.0000,12
112.3227,-673.3210,0.0000,1
-700.6862,-436.9616,0.0000,1
-179.3157,5.2291,0.0000,1
-231.4950,620.3868,0.0000,1
-89.9974,725.3762,0.0000,12
-591.8918,287.7554,0.0000,1
763.9058,-301.5316,0.0000,1
106.7171,-474.2693,0.0000,1
718.5503,48.1582,0.0000,1
-564.4270,-297.7993,0.0000,1
-36.7757,63.4869,0.0000,1
155.0628,-2.7903,0.0000,12
-220.8047,444.6560,0.0000,12
-354.7177,-749.7278,0.0000,1
407.7860,-272.9846,0.0000,1
545.6542,507.0545,0.0000,1
32.1331,-154.3284,0.0000,1
121.0581,-170.8999,0.0000,12
-392.0565,-17.4775,0.0000,1
491.8310,33.9267,0.0000,1
-197.3628,-10.1047,0.0000,12
-342.2464,618.8146,0.0000,1
-699.0968,-247.3918,0.0000,1
209.0558,-4.1963,0.0000,1
157.3329,64.7394,0.0000,1
617.9881,-253.8782,0.0000,1
643.7449,133.4734,0.0000,1
-590.2044,-495.3021,0.0000,12
527.2134,427.5806,0.0000,1
728.1495,-153.6544,0.0000,12
-63.4838,554.7519,0.0000,1
-531.1641,-365.4301,0.0000,1
-519.6159,-222.6272,0.0000,1
418.4391,249.0520,0.0000,1
-666.2672,-411.9548,0.0000,1
-325.7316,-110.3053,0.0000,12
-104.6944,-694.2868,0.0000,1
-304.9778,-547.3084,0.0000,1
-795.0273,-226.8620,0.0000,1
323.8268,636.0846,0.0000,1
-406.8295,-151.2976,0.0000,1
473.8784,-207.8088,0.0000,1
408.2866,-538.8525,0.0000,1
-46.3014,720.8495,0.0000,12
329.9631,101.9264,0.0000,1
-478.1530,-366.2299,0.0000,1
-398.4931,-482.9198,0.0000,1
-105.0114,-788.3008,0.0000,1
-523.4649,-414.8776,0.0000,1
117.3290,-335.7569,0.0000,1
-507.9755,209.0884,0.0000,1
741.4455,333.5582,0.0000,1
579.9087,58.7007,0.0000,8
634.3626,-103.7121,0.0000,8
-308.5189,-614.6117,0.0000,8
166.6007,-316.6519,0.0000,8
325.4148,-419.3096,0.0000,8
-442.4385,216.0757,0.0000,8
145.8289,424.5090,0.0000,8
-615.5742,236.9257,0.0000,8
831.3801,-43.9952,0.0000,8
-74.0753,226.9962,0.0000,8
422.4733,-502.5348,0.0000,8
-3.6885,-565.5991,0.0000,8
405.7929,726.2179,0.0000,8
475.6591,-245.2321,0.0000,8
-416.9786,-256.7518,0.0000,8
-217.2189,333.0312,0.0000,8
284.4670,-286.5878,0.0000,8
620.0800,349.2175,0.0000,8
-303.0195,259.8823,0.0000,8
474.1424,58.1520,0.0000,8
-344.8454,35.2149,0.0000,8
-39.5252,-24.3870,0.0000,8
408.7762,-607.1452,0.0000,8
-651.6194,67.2804,0.0000,8
240.0131,-323.0008,0.0000,8
213.1830,-88.0035,0.0000,8
-374.3718,462.1809,0.0000,8
-540.9802,432.4630,0.0000,8
358.9107,364.6335,0.0000,8
595.3339,7.8561,0.0000,8
484.7814,-211.9012,0.0000,8
18.4938,676.9267,0.0000,9
196.7145,739.5720,0.0000,9
-188.5525,444.2525,0.0000,9
635.7793,-99.3525,0.0000,9
-411.8330,568.0452,0.0000,9
-612.0100,464.5387,0.0000,9
367.2780,-279.8558,0.0000,9
-122.3494,-310.6449,0.0000,9
440.8730,612.4625,0.0000,9
-748.0633,113.1519,0.0000,9
-744.1002,177.5372,0.0000,9
199.4387,320.0827,0.0000,9
691.5302,401.9677,0.0000,9
159.2644,-747.0521,0.0000,9
-774.3376,-254.3096,0.0000,9
-178.3179,-139.6148,0.0000,9
-448.4616,-342.4930,0.0000,9
398.2869,-105.5748,0.0000,9
772.9589,116.3501,0.0000,9
-246.2148,-130.2682,0.0000,9
427.0453,-143.6224,0.0000,9
-714.1482,-281.3799,0.0000,9
157.4752,579.9490,0.0000,9
-368.9176,426.1418,0.0000,9
-88.1970,92.2154,0.0000,9
791.7719,-197.6724,0.0000,9
555.42400251,176.75986522,0.00000000,8
-534.69718796,356.75064842,0.00000000,8
510.95950700,-143.65136588,0.00000000,8
487.81787509,-66.88987332,0.00000000,8
541.15050357,164.53595180,0.00000000,8
469.80840849,288.02146764,0.00000000,8
647.97720706,-521.71434243,0.00000000,8
-429.45315817,235.29263609,0.00000000,8
-23.98833194,-398.47733582,0.00000000,8
277.21500154,389.03022184,0.00000000,8
304.15043281,166.28575798,0.00000000,8
709.67493149,407.87109987,0.00000000,8
19.29876968,-42.24363494,0.00000000,8
522.87712727,-512.17456531,0.00000000,8
633.62133473,113.45314837,0.00000000,8
-173.67628255,-408.72474418,0.00000000,8
194.87115825,780.10393265,0.00000000,8
349.79289678,198.94907472,0.00000000,8
-219.03867319,72.20572793,0.00000000,8
557.85835965,-410.46056294,0.00000000,8
210.35599619,372.76116428,0.00000000,8
662.80277696,-63.75972333,0.00000000,9
-690.04999297,-330.89929722,0.00000000,9
-421.06824170,-235.82592064,0.00000000,9
633.86776126,110.89589172,0.00000000,9
-242.84167029,658.26263171,0.00000000,9
738.40855882,212.37995236,0.00000000,9
195.32186078,418.40383457,0.00000000,9
230.66086728,-58.51274866,0.00000000,9
-87.28002805,-322.26049445,0.00000000,9
-680.04682138,-327.13244530,0.00000000,9
-370.23487283,277.18511088,0.00000000,9
14.98655603,666.64041481,0.00000000,9
-334.27523605,606.83616067,0.00000000,9
-313.09253607,340.94299395,0.00000000,9
588.08566808,-487.44972686,0.00000000,9
-249.33113315,510.17141649,0.00000000,9
158.03011511,-594.28800353,0.00000000,9
-18.60751981,-731.87862838,0.00000000,9
-93.58890781,37.41701234,0.00000000,9
-711.71452019,-18.24653238,0.00000000,9
783.25361234,73.19342764,0.00000000,9
94.39578949,85.85933690,0.00000000,9
370.20849994,403.99965342,0.00000000,9
403.69518978,500.20226080,0.00000000,8
497.15214730,-475.15386547,0.00000000,8
577.49952329,-4.82755911,0.00000000,8
182.08399797,498.55867297,0.00000000,8
-44.42366425,-446.65478528,0.00000000,8
770.12420558,316.28650981,0.00000000,8
-503.35551843,421.49512036,0.00000000,8
-106.28213936,540.72212213,0.00000000,8
401.89788055,-282.44778996,0.00000000,8
-587.29418960,401.91740889,0.00000000,8
153.38133075,58.62942583,0.00000000,8
95.35499905,-333.26545461,0.00000000,8
83.89113363,-799.68693358,0.00000000,8
-153.77433511,-212.70664808,0.00000000,8
416.91415341,-96.86650305,0.00000000,8
-245.14389225,527.59597010,0.00000000,8
-471.00285859,-486.54710461,0.00000000,9
-714.87310228,25.78855425,0.00000000,9
-441.91794912,133.86905663,0.00000000,9
-228.95876868,-64.85414169,0.00000000,9
669.48934257,-370.11969039,0.00000000,9
193.54004369,323.68345862,0.00000000,9
-706.63282477,-290.03799781,0.00000000,9
327.49103495,-463.88631171,0.00000000,9
609.17326918,84.02188132,0.00000000,9
-460.26227242,460.12276600,0.00000000,9
-218.48182072,59.62599982,0.00000000,9
-270.98197854,680.11861744,0.00000000,9
-6.99638338,536.66834175,0.00000000,9
-16.03016555,564.05876956,0.00000000,9
-86.42402702,51.86332067,0.00000000,9
-581.06714935,293.54016821,0.00000000,9
-314.35274003,513.99479295,0.00000000,9
143.58635881,773.45100469,0.00000000,9
-693.59487289,113.89815544,0.00000000,9
807.52752875,117.79817343,0.00000000,9
-553.30190906,183.29448968,0.00000000,8
-207.49917171,608.37176274,0.00000000,8
76.29741631,-683.45457618,0.00000000,8
-349.51093761,76.59192847,0.00000000,8
-562.26709592,-607.13145439,0.00000000,8
-324.47817526,-420.03481581,0.00000000,8
-93.96663460,652.86725650,0.00000000,8
-39.99922252,-564.19500986,0.00000000,8
264.46330402,118.36944517,0.00000000,8
-121.07525959,-329.36315626,0.00000000,8
-548.50034006,53.13834260,0.00000000,8
-655.78799869,-511.86171643,0.00000000,8
-747.73533908,-324.51097296,0.00000000,8
-15.56462276,397.30539036,0.00000000,8
-490.02331166,-34.29015135,0.00000000,8
-358.54444746,-715.80940942,0.00000000,8
-260.99850184,-400.09055553,0.00000000,8
-816.40913283,-58.93615468,0.00000000,8
-45.60957255,8.75979997,0.00000000,8
342.64907683,328.57141802,0.00000000,8
-232.00251266,-409.42645569,0.00000000,8
-365.04546429,-252.90546974,0.00000000,8
-217.99179992,773.96155539,0.00000000,8
318.63216798,245.78312900,0.00000000,8
211.53066983,-91.90420678,0.00000000,8
110.15330662,543.61009116,0.00000000,8
-410.14250508,558.09224030,0.00000000,8
346.46710737,405.57176817,0.00000000,8
511.23681644,-20.28293413,0.00000000,8
426.99203608,-29.63666403,0.00000000,8
-19.63026184,665.57304354,0.00000000,9
-2.00898150,-696.30548294,0.00000000,9
-0.10524714,482.60990244,0.00000000,9
-622.02152831,-164.84979794,0.00000000,9
416.39878078,-564.70684828,0.00000000,9
-256.12207102,-29.34860736,0.00000000,9
-331.56820262,39.14277186,0.00000000,9
399.79040669,-232.53618531,0.00000000,9
-208.23296340,-633.46118467,0.00000000,9
-354.98995326,-231.45170995,0.00000000,9
-727.31498558,237.10224962,0.00000000,9
242.97702936,-393.99393963,0.00000000,9
479.24975909,594.78706916,0.00000000,9
62.35538695,-217.71856043,0.00000000,9
-668.55503199,-298.37348354,0.00000000,9
411.31396251,-24.48095895,0.00000000,9
700.73047081,346.38073581,0.00000000,9
-597.50490080,-77.43504286,0.00000000,9
-287.82813628,346.62666660,0.00000000,9
-554.98074182,-246.09857319,0.00000000,9
701.65717088,-41.51929755,0.00000000,9
460.83016275,324.54982729,0.00000000,9
88.23042876,469.89551822,0.00000000,9
94.80486195,-350.89086608,0.00000000,9
764.74383778,284.85782757,0.00000000,9
-562.00285706,288.96378468,0.00000000,8
380.17315989,734.99745480,0.00000000,8
655.37445867,38.84885256,0.00000000,8
-445.73174060,-348.19414465,0.00000000,8
-160.31912902,-312.14913752,0.00000000,8
831.26739976,-32.47808586,0.00000000,8
-15.69038901,-446.73250493,0.00000000,8
-180.62259383,456.80864598,0.00000000,8
76.36688477,396.51247157,0.00000000,8
-320.51532271,-237.96965173,0.00000000,8
532.50878554,-597.80567473,0.00000000,8
-430.96595214,-206.06071600,0.00000000,8
-318.24706701,19.08712599,0.00000000,8
-817.62686314,38.51824459,0.00000000,8
-3.48828809,46.31197524,0.00000000,8
377.38734665,-288.00409229,0.00000000,8
-341.89451638,-283.42107772,0.00000000,8
200.46272161,-662.94684584,0.00000000,8
357.82377264,395.58824977,0.00000000,8
-331.20632434,494.75907421,0.00000000,8
483.79206048,-214.15033637,0.00000000,8
-272.71155837,-693.17694863,0.00000000,8
629.28693458,217.64828838,0.00000000,9
592.36401484,484.52885530,0.00000000,9
-76.58606875,-476.49438935,0.00000000,9
419.83362833,-585.56194488,0.00000000,9
707.45801318,248.98802179,0.00000000,9
-225.73759104,245.99221445,0.00000000,9
418.51777058,519.11165970,0.00000000,9
0.39905580,-423.77777397,0.00000000,9
-123.58268919,-356.30892331,0.00000000,9
-494.84312208,-628.42846362,0.00000000,9
466.08235744,324.35801862,0.00000000,9
762.68573740,-287.37181037,0.00000000,9
597.62884710,257.67048787,0.00000000,9
-215.83014422,491.40533907,0.00000000,9
-224.14388897,517.85980609,0.00000000,9
-98.56660608,21.06040464,0.00000000,9
564.21592323,-324.75414451,0.00000000,9
449.36097654,-466.04063042,0.00000000,9
-444.81456451,71.65950900,0.00000000,9
-552.76211175,-422.28156010,0.00000000,9
564.65179624,-223.01677185,0.00000000,9
184.97927195,571.77088957,0.00000000,9
-309.78462401,630.93591135,0.00000000,9
10.24301555,-563.55311190,0.00000000,9
382.19621173,-392.67812407,0.00000000,9
-262.28447941,-482.31630495,0.00000000,9
