18.24896151161896,-14.930800905588066,-61.52038014363755,1
87.54633204711006,-7.69059708876958,100.2587031527003,1
-72.54479893194535,119.30234630460113,64.32126413898958,1
128.00543936072273,-27.189778425328644,-117.51903112092836,1
-54.26910839329519,-8.17265912151832,57.97946618545554,1
115.8919220272765,113.08258024317819,71.45186414106296,12
69.87437763947689,-52.84309357568319,73.38371206924758,12
128.79689401401217,-84.35678087306,-88.01215148225013,12
84.85833276428686,156.46677846192907,-15.717388753263696,1
-93.39957129178056,80.02980614919713,125.01426092455513,1
-6.245413672022701,34.55862381830608,8.437935010000732,1
25.06298426545309,31.74006121922453,-68.96422327934779,12
-18.99336423097927,-135.8123415186348,-16.747227107024468,1
87.68727793074662,-52.363009143710165,42.729268747340676,1
20.325860487599066,44.104014964981275,43.127582462522305,1
163.05566314049608,-46.60327403408822,-6.683824585496227,1
72.35621787644237,-7.985125567165565,156.92698650338642,12
79.8681343335999,13.719807268686033,26.12578238369862,12
-3.0596546479015543,-11.012083776526321,79.09908765342306,1
51.0694640358149,-87.44113441072285,140.6114082597783,1
-116.83895388862878,-81.56580633402338,-76.44065003977131,1
-28.2005240064613,80.1020348666488,140.29634670459546,1
-90.30076062808745,113.66147911059525,-34.77099302860899,1
111.12202364156106,-71.5817335732828,-26.561110232318836,12
-41.803167022107914,-83.65063281259677,-20.545544343894115,12
-39.110829181119065,134.7612806630728,68.27144514335677,1
122.62199940764687,-14.071759408939764,109.1011154690307,12
-134.2308876993051,-19.487507158768167,97.13383411065584,1
60.52417559999742,118.07920584694308,94.4020313216299,1
-138.26639445632566,26.025625012004607,98.82153646095296,12
68.85619491749738,-53.06614994401317,40.60916957688716,12
14.7289991357853,-116.51210529592758,134.49234916516713,1
-61.05326053433524,8.27227308640015,-84.24491340189876,12
27.830167965613505,39.06497479614059,-37.98270968876841,1
0.7454716531196268,76.79017132152248,-9.979745035028824,1
-38.322234716325084,26.293510872997963,63.293104433051774,1
108.06683416444442,-121.71909637756846,43.00519072526739,1
65.80705436172914,105.35687749142309,126.52403645744633,12
51.37686587549467,36.050921304693794,-91.28409978456678,1
-3.868398891063767,-108.19624648162704,134.0005063109284,1
-80.44023817576344,-10.859730406206772,-62.783502854093115,1
-22.42208957546955,-37.4603083509147,33.10066843392943,12
-42.90039842293664,-18.57455488720226,-151.71474600522316,12
-38.69079451254015,7.18044735783842,99.68058557349559,1
-54.13208096533021,50.15700606671777,26.162247218557777,1
-56.61890279584898,64.22235519847071,108.05961409438218,1
-134.67652145472266,62.75216450903493,-91.73161689471107,1
-90.6332865146401,65.26682767971906,-134.7441029797706,1
-164.12581080697015,39.25521067541475,-34.99936035864347,1
69.31823861021651,-96.1813856002445,-82.02928345146073,1
-112.2158968452809,-27.13071190140728,129.81672418841822,1
22.408295338291484,-175.18166031506618,-22.419626777972876,1
24.65974927891739,96.5852308798393,81.02610531945642,1
131.74833215519695,72.6271251219655,43.67208910854376,12
80.82582970938097,36.3701685175213,-44.923842369037075,1
117.2232277530035,-44.44517899590705,113.54569841051645,12
32.44959395962806,-40.69336341640781,14.585386920903671,1
109.48717124960375,-14.485734854361016,-28.29205244526357,1
-47.65859169864064,32.6754188997057,87.26319788524084,1
-12.898662351410135,13.046455528980996,97.20541214141493,1
106.7599729439008,116.42043150694832,84.36859593245441,1
-99.59388532698624,-56.174217437062566,-9.75466203101024,1
49.43633794009579,-110.27917781934607,53.52798848591914,1
80.47744541202056,-120.48741647795197,-36.19821696770664,1
-72.95566385535145,48.75009050585935,121.93019899670438,1
-10.867865477524559,63.696902015952,134.6887848386088,12
30.379627612519474,45.016768249190285,2.6709483119485484,12
60.45635214967664,91.84770250881695,-51.280804612876196,1
123.67149401911344,59.65815528493941,-69.22009598856016,1
60.59646341700641,15.071948446521603,13.191089167463327,12
-57.980219600226064,-2.7584071015564784,83.53669091601576,12
-115.44789739792596,7.943380637091522,54.23349076339744,12
109.9538467651282,-35.782292348704054,5.404535765473451,1
110.75678056265949,-12.88323625524739,-138.22870762305112,1
107.79298834604181,-117.79666894337768,-15.487379870691942,1
24.215096973252724,82.02504778211977,-122.45312196678475,1
24.57262379838707,-114.36308835840849,-61.9657777055279,12
-82.10061605619089,40.226666828891325,38.94125894657975,12
-128.03123794835005,-92.94438867037333,16.321494687598307,12
53.16208289821664,-99.54278872049221,-0.1476080317871022,12
90.81167298036529,9.486187365275178,-149.01187597514067,1
-121.06894196258368,-15.388555738049796,24.123898204129986,1
28.872003282934255,141.40910932345244,65.47241899484916,12
-33.123433744027466,56.85637545256378,-2.519708461538388,1
-36.42467358494943,-9.093195049962132,123.43315420733457,12
-133.28939828177798,49.847490112607844,88.18986027938251,1
131.98751504484778,65.55356723193255,90.8668751044796,1
89.03379011358864,11.884089250065053,84.64015186624594,1
-40.50718688311811,-151.25265759035386,-15.803931156472798,1
75.11818723637312,-106.75502707734071,-55.323852818961555,1
-102.30572233555172,127.5187909631757,-31.506769143647958,12
-7.4143412827643695,97.25024895828386,132.6959199517447,1
-92.76052136664248,-58.42752770896548,-6.975640336462616,12
-29.724322041090467,71.52475780636222,-143.7011471256906,1
139.6852232469335,-8.905635191757078,-5.319633341364913,12
26.302336679102858,22.66467919687554,-107.2949028027586,12
-14.378026964425548,-135.97705186013937,5.632627446123174,12
-39.56698430358088,-79.41439096262056,-143.98893272243322,1
-18.13388073579706,166.41908891928654,-43.55075043684852,1
40.34428593553,-44.3678073563364,122.40485180897304,1
-67.11818377062902,33.899229360812825,-59.31767979019855,12
73.30334295332902,18.767325828789858,-83.99703419781085,1
84.58452754960518,-141.439104841294,67.68768646152634,12
-99.93366182636592,114.40672123361408,-20.17628252298983,12
28.883631256043348,-32.39036241019192,104.44646322106134,12
116.41510034220065,-49.96245240895584,-66.879497382789,12
-38.1052291619402,-45.86399173884576,-37.692915698937455,12
69.53881802287503,-69.13036026788366,-36.92879406890809,12
64.57100428448284,79.90523614918585,-83.4077917064903,12
-73.45314540511905,-81.57340525481577,-102.963421391205,1
0.05067634121062014,21.81878850246938,38.46584975793106,1
-139.14500564423122,-52.350483940970605,-51.46106775707108,12
-9.896098723223373,144.9643550215385,34.025403159497046,1
8.190625960025585,50.899354456121976,31.993765834967764,1
-120.23222191478216,-57.60855902485051,94.78414418338782,1
-39.67544943891246,27.566966078742826,73.73736626598564,1
15.528005354329194,27.374598159164556,-86.06219227171475,12
-70.8885872929474,119.4631249497483,-24.384548230008917,12
-118.32969599489306,-80.83003906492867,43.2183769103431,12
-101.24433524474858,25.75851260603752,-131.9065165354663,1
-64.2629233978391,9.343185066101395,66.62598114188913,12
-57.868899317904784,40.62724374755319,61.776555317312024,12
-53.503061053280575,87.14233587009339,-52.5734234445506,12
35.53312497911234,-161.89476011615423,-47.424772880207804,1
-57.22072829121729,-160.78638621661142,-56.96299673810674,1
8.022444515927315,63.63002405092774,54.764418125311515,1
-144.65253534977782,50.91650289841895,-89.61691810392115,1
88.67401226313649,-30.14498244692969,45.7835520541455,12
-126.29500477658546,123.11878690367307,-19.840929694546006,12
-106.21259027577145,-31.458849155782975,-118.73676210544154,12
-80.43147935778703,-27.474908723417112,-95.77309410846838,12
1.415650702000206,-62.72602170979252,33.76453634389455,1
109.34714742069971,-136.54900209961244,-0.4362621330660908,1
121.99868478846524,18.33533673570193,-45.24475479038931,1
-77.89523364800317,-30.429048817334444,18.587214533961433,1
107.76768791793624,81.61948913019916,8.124248811560442,1
-10.701865960030547,-96.2668306853467,5.3848195334302975,1
71.20320556964279,79.07170892088783,144.87457316593833,1
-43.93968321380709,-101.81165730738883,40.00084030123174,1
82.66810776985017,77.39777598059004,106.82627834405322,12
-116.34337222230022,66.93521921283487,-111.57584768859728,1
-120.4693945990162,32.684252357535954,37.925393451384025,12
-145.9713614089036,2.0248728844269412,-10.020795830153,12
105.57125505013352,-16.898870971485213,1.7947670375873344,1
-18.140885504944375,161.38868131980468,-30.215852588041223,1
-23.53198038086527,-171.19461731507124,19.922775958007513,1
-83.04633961406797,-71.85163279018052,-102.3141055076274,1
4.4895396005398895,-133.0406161172633,-0.8096363671230477,1
19.116329634650278,54.50162645583224,86.5950150131222,1
3.4546540702371877,35.01299373619787,148.40258844139024,1
-28.796430999506324,-92.90105658968159,117.03333838898138,1
-21.07625375521958,-66.12359952981797,-6.651620689156225,1
-2.0718829845759097,-93.82925503016408,95.88910548106371,1
86.00049189226986,-85.69415249794507,13.685674429469271,1
112.25593348807291,97.10318454108383,75.89137117294845,1
161.9718161844772,-18.27150476936013,-50.80517057654088,1
-43.42712430995594,-169.12231117602335,26.259552050960007,1
-78.52085535068144,-24.595071141412326,83.95218527889615,1
8.46829260590553,-27.118377873570168,154.67936849033194,12
-60.63035137187843,-43.71677347658466,-46.397280859535,1
64.3198651321113,44.66769735497719,-2.0516956337795627,1
103.6111405411188,-122.41467872064777,-38.2772574863712,1
133.84878282098904,-36.08091779594096,-68.4979579935529,1
118.12787284017364,-81.5996155717763,-80.78958387587763,1
38.55875139432651,-57.9437296061058,-94.05745670154393,1
-52.68904503990603,-149.61438222889404,-24.382075969756926,1
-38.025328408324505,-44.29399679089109,-35.755548572345376,12
-56.97471277678161,21.938469316577027,-150.7756446901174,1
-124.32235367661467,43.57029082872856,83.46823639481666,1
-13.372345803099542,51.662006689507905,62.79936107360035,1
-34.99226126210244,-17.762202491626955,-18.73354056078278,1
162.89870777188568,-23.570724305661358,-30.67059243212981,1
40.45262765943498,-34.188914801812146,67.34132482535259,1
-28.280167279131522,42.96701485227712,2.7035181152243553,1
37.66102723022259,142.11213117772925,-99.98075290105399,1
-111.72463813665107,-106.54859183203251,-3.4372182740762285,1
149.57293889418986,6.712681441678883,20.556934409835094,12
110.66316159082454,-53.53673204098245,-4.6001372618929235,1
42.74423777310543,130.17593288543483,79.62905009448946,12
-6.4947136356935715,108.46568306383763,66.31344855953691,1
-24.776667485577757,69.47629392252773,91.44788778690545,1
128.0449289643999,24.080016115523367,-20.41477077696321,12
-57.59557029731605,-10.743503453657175,-142.5380361799044,1
-61.94640878785046,55.27503531165232,74.50355781052254,1
-78.62687710655645,130.4183221866298,-11.094820185010235,1
-3.429980630945286,-129.8762071870422,-58.09170497434435,12
-14.299072982116567,116.32541575520325,-44.598076666301274,12
33.33265726377878,80.01484786217837,-145.3757367533411,1
-41.12407742641161,-50.002333323901404,-100.50831587928015,1
-42.01529125475885,-54.696124963540896,-138.41657890559722,12
-83.4155755013834,-65.41548048123042,-88.76156224620732,1
154.22791692087463,61.463417214365926,16.57535238414361,1
20.55567215502377,-113.87488482626685,-51.45472309446039,1
-132.3837285186498,40.73735091267446,49.034992756227815,12
-62.44724486136077,93.14230258215767,101.54559783119461,1
-63.949816938226114,57.98129242691339,35.895474176710636,1
33.44859908779282,157.9728530593625,-72.28905895788576,1
145.58568595760542,34.850317496860704,18.394821000206417,1
54.216484192809126,44.15219940253447,88.07655980247122,1
-83.38745070209394,139.66011853956144,69.4026335052779,12
-22.671434782169595,67.36515859826328,152.76775159017177,1
149.25515464514626,-20.485611788520917,-67.00225698120632,12
121.87873446277817,27.146678568056043,-122.67180344107624,12
-35.40462816795571,50.219830283995826,-77.07878465486067,1
109.80901161885834,-107.95635056604665,-55.55418850501813,12
169.25013604480046,-32.842454493686006,-32.05769519173141,12
-69.8465765864775,-116.4233304214099,-60.263454181040856,1
-124.55804058275965,116.19271809216329,-2.874238913573257,1
56.852954553931085,23.62918168256506,-27.707283666417784,1
6.389481998209414,-6.952637767251283,-172.66063542580153,12
38.61373304386854,2.343745125372657,-32.14044606701012,12
-94.77315919431878,-78.71089056254743,-40.89065352552639,1
-100.72608460291919,-39.23376931240256,86.91822260483475,1
90.01798557091423,-39.733699087124194,71.90014962928436,1
-11.147483668375065,80.1848515090057,-79.8442984615213,12
-54.63956294413419,-95.97636965256133,-28.558436851567425,12
63.43742552668326,96.66497544839622,68.03243489534123,1
47.54964823112832,1.447878427807728,-141.5636470021577,12
-114.6713651317577,125.23626993558331,41.30895122513856,1
-93.64795101837927,-65.24784294429857,-139.01051604886862,1
24.792469445757032,-118.61780552087768,60.380941406146725,12
57.48208735162219,-58.52407788300457,-19.763469354777058,12
15.354497032485229,85.1042111816318,126.39408247038371,1
116.64870017952532,-42.77192044468006,-16.28232831454497,1
-168.36957605071166,-29.203934426279854,-13.001130619890265,12
-34.52703376324395,-97.45261878129126,-143.24567879696872,1
137.68388407144081,82.97984515089118,44.110876033002235,1
0.1402461064415969,5.566705108061627,5.678490485417125,12
-89.27611265275375,-57.92785991558869,72.54925005258266,1
53.529007337079676,-57.940446789381625,102.75938644588373,1
104.28449827026402,-30.966294634416336,1.2304282984733648,1
-37.10141302933543,-1.9490393760462503,75.9043540509665,1
137.68273156657995,21.72714650934688,16.45959272223398,1
-26.414410816300094,60.440210661246596,-147.36107781964552,1
60.055530056258846,77.77761994118286,72.91948124296779,1
81.29287619731376,104.83457340778632,43.16243551927617,1
-84.80715911223655,-52.19170327737646,-35.733610560935205,1
135.2963388068296,-50.71280643279971,-87.69484591531845,12
28.913763155927008,-80.7527501980511,-128.02011502918006,1
21.001555675178455,45.91784415520418,8.6586485321282,12
-60.69209780344181,-16.070892900271986,-122.71392902000719,1
81.45554339191321,-61.873104763640086,64.27316871348762,1
-66.14875154393509,2.9244673359673428,54.64317213793376,12
-21.044854639556515,156.6216786611153,-46.812311293611884,1
-62.0677107561828,19.887479853578828,-110.19303836413695,12
-135.91091292979866,31.00099489870056,5.697312653032474,1
120.1670664845448,-40.837292982608574,-87.92422678579906,1
-64.64684362009865,-115.53456056724406,81.65543488953224,1
61.25622859506484,-57.12456636433912,129.54723402797472,1
-29.353731745659218,157.55626610530803,73.76142255127482,12
-29.643289277961582,68.51697621732052,-89.74044292881104,1
62.79701348732774,-164.1715017190663,13.795393542288872,1
-3.471014511840361,98.03861986242168,-63.48669153286131,12
-3.2963169476465035,-142.8596978808925,93.73631119617981,12
23.66885200430657,-73.84463585938677,143.05204449290676,12
31.17258289183861,77.8975048429346,110.01468187140978,1
33.875040917713456,-63.76059628806339,11.433335545505258,12
146.81744476526325,-1.0942434133141776,61.95941874490351,1
102.38496056105141,-97.38071542920146,4.955510191191169,1
45.416181694267955,70.8993998047614,-126.88365536860117,1
-158.26059440254159,-22.85661538768592,55.84108649920214,12
119.19146280788358,87.9121670981319,-14.58135988310843,1
-39.03382218438347,-131.30968093716294,-42.01118634870196,1
8.48415101021979,46.08027247703837,68.6526507080266,12
-58.661173145035896,57.597711077187675,-79.44882269356398,1
-126.12118750371269,-66.2347311186408,-20.460019901802134,12
108.89632608441511,-57.079311311446205,66.59464594875033,1
64.84701701411886,109.58861092181162,-55.94158227178179,12
125.25320620575263,-38.565177775477984,61.92969330814725,12
-55.01668282955328,-148.09015028503845,0.9290270570257271,1
14.449945656532165,32.67099447348003,152.43027355921672,1
65.3832132991581,-36.210407920854514,-129.68117936334215,1
64.49061348246228,130.52651721217927,-73.4426331853673,1
25.958403733384685,-142.94539529326806,97.9087523260649,12
-64.22033928330627,163.8143306642384,26.768012254766607,12
-80.78393921017559,88.30811518078056,-79.98314667418583,12
64.35818358665536,-123.32567119625385,-15.137981426752651,1
48.97651119908657,36.94084563736205,64.74446539388687,12
-50.15898801010589,19.718058922622724,147.82696501723285,1
28.79887936237356,83.23425099471176,38.06209361592211,1
134.94096222441885,-108.94287246917624,17.676620572801504,1
34.77496116004397,-92.44411311973491,141.48712975806532,12
-101.63645314423924,-100.9747237444428,49.307821323424605,1
-7.397876989115385,-100.36926544946047,64.70611217989523,12
-38.06608638328488,-75.70106607216456,3.4363911684450446,12
43.32509924663597,58.62295285413345,160.1920346085525,12
17.79652915299824,8.74879071781434,-153.53289650417855,1
85.74996762374525,61.98540302461657,-23.3908122185385,12
76.67668293157953,85.05727375876648,-50.941413985472124,12
126.25018661683617,-108.83130324367693,-29.71251079819847,1
-29.351947550175904,-84.35131810023603,-90.22837525788113,1
11.208598202250666,-87.0029499126015,-30.586102006500546,1
-132.56527282948505,95.9919437815654,-73.99684364785568,1
-56.02073390670686,-40.60445596148085,-53.10069431265308,1
127.48977704573926,-30.5786108596497,-122.36274013947484,1
-10.09537741198575,-54.552454512154476,27.235698858233416,1
116.44030884090988,80.68569841596926,-34.09141879999781,12
-72.25253489958357,-164.02097006854387,-11.494238706249122,12
-168.77509509710274,-16.166811709971654,-58.199808110798976,12
143.9286349526586,-6.534790108654212,-68.84116975658858,1
0.09708525952893156,-100.43647562194454,-54.1373952266848,1
141.30005642185404,79.80820707226833,19.990921654037233,1
-14.69087894425781,-167.44397921506385,50.43943340527357,1
-108.08776519194593,15.304587807415096,-54.69475188746105,12
24.580643272386798,-105.4302929257882,33.75476083588702,1
-40.06897983413193,120.27612916390026,61.26637662697729,1
-136.26620651148457,43.43647056269091,32.59948186624568,1
134.26229825202697,-89.58268648200944,-55.20177805044389,12
-59.26864601853544,153.8098181806794,-3.9615176757279076,1
-2.004579183917098,139.06903031699815,52.10878848532705,1
109.90267132589766,88.3581678126616,94.2453800190903,1
47.583328302375506,160.01767811809555,41.02047038754534,1
-27.094839268118488,-31.95204673307115,-138.37222877133073,1
-90.3148938045039,-49.45149498127887,-93.72885329097005,1
-90.74596989732612,52.4371756234923,-94.41418172027106,1
-104.14463620103213,44.12223665792329,-93.41340944815809,12
84.25925626081255,-121.55289862384335,93.2089988972189,12
-18.474284093354537,57.9482230947966,13.87132178024498,1
-109.84823071326241,45.023155084523026,-75.23859864579485,12
159.35663676137654,5.7165854213462515,-10.13806826796568,1
-131.58672546074646,-14.653281883552523,72.88632386519927,12
0.5641159563924234,-145.8904245889823,-36.72049491134286,12
-39.75621289394449,-128.90931525547705,-28.700520234681736,12
-50.859810394489045,35.74838992169282,152.87741882018437,1
35.67578954578674,165.87894407853292,3.0134841143180493,1
161.29167708731092,9.356699037810985,7.065264276344889,1
19.32283226095786,-85.01415748022613,-34.931249893316604,12
58.511112711691794,-38.89835120943237,144.72894472206286,1
-43.62313831572735,117.98398558875095,-57.0163649276585,12
-1.9034793327806718,-43.65985735680494,-24.448074871341653,12
-24.827367793945136,-72.96591034162265,-63.45979909800342,12
39.74192517757767,-98.72723493044299,-22.341309067481156,1
-80.61625286482766,95.05431023964874,110.70945327296029,1
-13.8740351056521,127.37065244428611,75.99233753167874,12
172.66212948446943,20.046624232603236,-36.9829412274042,1
-10.100189754370458,51.619948640682,113.76430724490126,1
-107.57862514125732,25.733543774031034,-38.27880016732366,1
65.47457076311983,-166.21008963101684,-16.810508785857085,12
-60.9205183283634,-5.339794508555548,43.85047759508375,1
-112.78564095024106,108.067505860319,-20.766336401200466,1
-58.370782515176614,-70.9580714388574,128.85608811227698,12
111.13603342113227,44.37473016757196,83.52850247064539,1
161.8069872042528,14.97649435289618,27.16965007707803,12
-87.63970784076047,85.29480463588199,77.51943344298958,1
-60.32217172206078,-13.525463379250851,-112.17620094212486,1
17.87063590236433,-99.06099512601378,-136.8403308987435,1
-70.7805575187106,-64.75064955658887,-87.73986344039425,1
-5.230590723603236,76.11756354602666,43.806878274245214,1
-115.65687009164463,-54.53170075899319,124.19560340649284,12
137.06679386740598,-34.30915615292216,-47.07722437473212,1
-53.403038701888114,75.0836419774613,-97.55222351344499,12
-172.45680085590797,12.093754544576402,33.583804592330466,1
-141.0889897359694,-77.05802431116462,-79.70227372309107,1
-81.88438107539628,-12.301069070248477,-3.803249296200447,1
-83.96734214792075,-65.26318822590416,-22.676333209985714,12
81.95571648879655,-118.18768369427363,9.756783248453447,1
78.79208910734042,-105.82026225206154,-62.15424849408776,1
56.49162871441808,-1.613907772690044,-156.6558929616793,1
150.11093116917553,-24.883026824320748,79.59765268264897,1
-46.042011831572005,-48.09498535271961,18.75304503246509,1
11.655046971675551,73.0231423950558,141.16808972901026,12
-52.05689895417102,-120.37129493680887,-98.01112238357555,12
-91.76391195831673,60.51446276163836,-78.83812227301937,1
127.35984232369604,118.48382662390468,30.299543121626826,1
-102.99146692279818,-24.038812155715817,112.86844903349235,1
-68.7435289315318,115.72020004727857,-81.15062329228054,1
45.69913931792272,5.885538904665005,89.30977609105666,12
22.437001560778043,-64.42217006142673,-24.909756518887498,12
32.89235155976751,-137.89189899886023,1.3779474660825142,1
32.35958842635982,51.171705043292135,11.6289463748126,12
54.890955879951726,65.62452647809337,-148.53099707153137,12
-5.0494462655505155,-156.3167371719647,-3.029814739475212,1
137.5030734981211,-107.05943563085272,10.09570141814198,12
-23.422465678872722,-29.35677364393212,5.920186186395442,1
-64.0087245576813,19.39947069498457,-136.8100445178896,1
-48.712058440913566,-65.04188997674967,-114.63638772838371,1
-86.1590721726411,82.01533348486439,-19.18539903985847,1
108.59543510541837,110.59483543233601,-29.91006782315605,1
-141.46785644976254,20.346907200601738,48.367213255158845,12
-6.955895658375695,136.60830349242008,-116.42766451830188,1
31.375401600280462,129.86927389991197,93.60641761343405,12
-9.76853275851654,-72.11027864170332,66.41976467524766,1
-10.53482331875338,61.72322386548077,163.532650720829,1
-40.959526421123975,-5.317723593257211,150.6291634178988,1
120.19952767101131,30.058251142533223,-4.048951224166987,12
66.09608640237508,98.6179647007354,-27.278851132793566,1
88.91152987289996,-61.34860734700166,-11.338394462339439,1
-28.441716613096904,133.33411562266153,111.7372838467276,12
-113.65605899271868,-47.530635219111524,88.9602708391352,1
-139.83764031106895,-35.80201009564415,92.71601274387004,12
-14.861080809508735,8.061441981316708,148.3698590868555,1
-77.57711058975826,-67.76941085644825,121.25340967503911,1
-137.40337937938995,-90.84380678257115,-64.10216289359786,1
101.35051492489411,-55.473684274275215,-82.46921274121034,1
30.412562401721992,-36.67622678655964,100.02571890939308,1
-84.17175469690306,59.068812689276434,-98.14430185294817,1
65.71236838623223,59.09880136341078,73.85269840396644,1
19.20271365530859,72.20449364929829,156.64024352176915,12
-38.72497852846912,-54.13290439020204,-112.37947835544111,1
138.89978618128842,-9.802884683431556,-38.83769867691648,1
-155.0737824207609,-44.86501874106221,62.60129428214481,12
-11.757085966509754,-71.0483901490819,74.9928900084339,1
149.85786363088624,-21.739904361856333,-19.44593401484678,12
2.885126915984211,-36.75349454410063,-103.93391451842545,12
118.82928316925452,45.52309979778661,-51.70933077140751,12
-1.547513782083192,29.833955585454863,-5.502771077949232,1
-37.098692758250785,2.5885328898804243,-26.688454954356345,1
100.84238780997178,-35.70700010059533,-121.13710086280277,12
73.67772293712181,-30.387459839564695,142.30241714998547,1
-60.8508466774577,112.72198637220778,-65.65611526501782,1
-19.156740373565093,81.90702360408426,-144.11694461905117,1
-88.60411572371902,24.28508499226158,-0.5734836941298287,12
111.11495616142724,42.41440083825318,95.24060271793638,1
-96.77840369822164,-28.02561652958287,-75.84115632113101,1
-0.9108798135413462,20.452980855342947,109.416870172963,12
168.5193345647252,-17.23807243973152,47.488608196356125,1
-37.20778331607666,165.3972949381066,0.7291050047686716,1
149.01868883256788,73.69317123828127,14.815487442576584,1
-174.15580001419832,13.057368381551589,-24.728661778888846,1
-1.3354338742552394,27.759651787469963,-156.6381180790057,12
-26.279542864971397,40.46031451028395,-47.36749429462861,12
-116.76002130150954,33.390323331117855,109.70163063557294,1
4.909659901625409,12.304864975151908,-54.51871601231212,1
-28.999233508057227,-80.72916764893255,6.342920157000014,1
61.61499128925294,-132.94227964539243,68.33087337268023,12
77.0450018993741,85.64864917626021,-113.5465622185751,12
-71.81808174614932,-66.78235323573738,-106.28731426718828,12
51.0262935894017,15.080703567258302,45.198117862384564,1
29.238942569171485,-9.294229935473444,-167.65722102149664,1
134.13720828497003,89.29821759292267,-47.39687361339404,1
-116.09467189498821,-40.11630914304983,85.04224383504689,12
17.71725506372581,42.09374856278319,-50.34917096107992,12
86.03174341929028,-130.05809359714263,-25.573602048969516,1
-5.40973478506204,152.8047770945754,63.11255745433017,12
128.4426974778376,-10.905809892642008,5.198700569108059,1
113.37155772366643,116.9850094107926,-24.126646567099495,1
-86.32549162653474,37.603493644798895,-115.03725128466805,12
87.56444893205459,-14.275684462486517,43.69355104926084,1
65.79725424957628,84.05620383268199,-33.451011061487876,12
-55.07570693877473,74.60779430001327,14.81354601478798,1
-22.81180640587843,111.5604783722568,117.40125530916933,1
116.28625887483427,-45.6286961255725,73.10085128382171,1
-30.345683327923552,4.646179134568889,-154.3418749164962,12
-135.1744854462855,-68.71043903980014,-49.73640140446533,12
62.00281627515837,-93.36920496095495,-30.56091223763275,1
-143.26643816265766,-24.256885894668937,-55.17659019976036,12
32.020727660840414,-168.67884597653128,47.52151049969108,1
-61.21886354289568,-28.231871248088893,-47.79289244391528,1
-96.98072577936959,147.15518506858433,9.443803747158416,1
-40.84083879369437,80.7235333955902,-123.23996295926872,12
13.827917257867826,114.36378104240565,-17.437952134122067,12
39.80019656256717,-33.00192841104383,-50.52977218902423,12
-24.4586845717994,-43.466704551072205,-47.87680362025832,1
-104.97615790493988,18.801704313662324,-79.01425477356598,1
18.12494339411318,80.36897467613402,-90.77209332662757,1
-65.58205682912934,3.943893209889708,103.36156902877373,1
130.44073240498614,24.804213342048246,-43.10971059277639,1
-134.5508953705903,-89.26743783886619,-19.890293840792967,1
42.20903343825266,-110.49731448427205,107.91362584148582,12
-95.91303443479353,-99.72512157297606,4.644958474135692,1
-99.2652492085243,35.20742350957578,139.59069865844737,1
145.43434206892525,-82.48907300659948,40.24004868801855,1
93.20676427198028,-40.08663493543469,4.91898363596697,1
-100.9280428524356,22.42588895367825,-90.43959504397455,1
-138.86372907877433,20.479880794497475,3.214942100640626,1
-105.74623905794577,57.1249427044887,78.9835368434332,12
35.52465199325055,48.572972712123025,-23.321163093319374,12
94.11679926670648,-59.41537697728538,103.7228525787822,1
-18.616856851956232,-38.395143220082566,-98.14937007543514,1
-152.50283104711718,-26.084870898916776,84.59358889908785,1
-49.953900762601755,73.95773041409096,22.421978932615172,1
30.834669673324612,9.401144506213182,100.24435323520792,1
77.70690334428829,82.3370788895972,-49.23038051621264,1
8.63231885442642,-87.76730766663222,137.9735990207376,1
125.92500550611223,64.47746552856339,50.14526804229079,1
4.2345602003349505,-148.47110295004126,-45.1666228380086,12
-76.4792206333296,120.49829385470422,-96.03556310077248,1
110.95428326450477,86.77803113170916,-74.25060187641573,1
-14.820532969591092,-106.10545678457127,-115.53425195494447,1
43.47085115757696,-99.25442536451496,-80.40488391819137,1
44.91037494084821,-22.008736478429697,-71.01657026019649,1
-46.69382206924214,-56.66086020902469,-13.496242340597426,1
-57.91755964764397,55.13104530397764,123.61431436387538,1
90.53594726170432,-13.926376771260351,-141.23438462898233,1
-16.79135780312639,73.83488655986095,-66.49337295969553,1
-52.063983804823074,-1.5299100595102937,69.67285406011199,1
-49.504928486734656,130.79382149611587,-97.12532201178423,12
9.571153326424945,-87.4101816661187,-105.88069420343898,1
75.49386797716403,-81.22763607644626,112.98303993400634,12
-32.15027228045973,-159.71320804635567,-22.426867276179827,1
-21.38937318577669,-71.16461521761289,138.23170570307997,1
-55.79991655685081,77.79481902894086,-137.590162043875,1
75.68546394437031,15.06828987303023,3.539096962511858,12
-132.60754681354845,13.395976603389094,59.93775475543665,12
92.74457061832724,-74.5780997865025,79.05465305531227,1
-119.6109539118764,-106.3607793604554,-21.71187144008428,1
-23.998256962344293,-122.46440360254695,-27.556146582256744,12
30.72853384795544,1.1211582646630647,-26.054867453435733,1
60.74252584876724,-49.5130000139966,-65.46504510990194,1
17.24275013632942,-13.109680399639023,134.8304046912176,12
-97.86231229991002,-102.14044176948778,-37.995975761568175,1
-57.215390155576074,-10.80007892060829,78.75283224845862,1
11.661126774377339,17.394406030887065,98.39515336139017,12
-49.64284442487648,-22.899348803463162,46.996801312827536,12
81.46704826012194,-94.95621126977795,-60.705845556169145,12
-45.267037133830215,152.01884033648196,82.24179281781502,1
36.670410200081264,72.89404208500343,-112.81498514790643,1
21.266224301222575,5.556242042249262,-40.651916314291846,1
-2.419003952717303,61.17880489626647,114.9204088615749,1
82.58436616018346,101.10497090981472,-77.94882972312546,12
-74.50636882202001,-42.67511953724304,35.527038338259494,12
-28.7452833707226,57.443538797286394,-64.33442834143327,12
53.92262308914717,11.186637344955113,93.53271710558126,1
120.95644720405296,127.89162238065288,-18.584408438101914,1
-120.78850579666629,112.99960794745847,59.76872092642514,12
0.047459097905830014,-12.54229740989237,-17.35264765531188,1
-154.22481875451473,-24.782263765406054,-10.752818686176465,1
15.363862272090943,-37.0117178626323,65.79266793017908,1
35.37480182764256,56.80995938651839,-110.54712670791302,1
122.78275595178522,-71.42677131920213,-66.8888614733932,1
-129.26798901183122,-70.32353667885195,-2.3430303304640114,1
-63.47636861266305,-24.40667772221481,-37.39741113844001,1
-25.485207196642225,111.7232538896332,69.42657895236299,1
-12.636589996862135,-24.194065891129952,-132.91985470594,1
4.182133403151167,-28.334502133471865,172.7016088930679,1
41.39014905988278,2.275903506127297,-36.32098519255703,12
111.6789771276471,31.548256476458228,68.1388757882449,12
127.1268135123549,-40.58427816907837,-42.9929485415446,12
-17.83747556602361,89.4447585382353,-67.47410562702798,1
-29.794398184730937,-91.78035565632051,138.04724271010176,1
-52.787934490143485,-14.542345933233127,-25.087412798098825,1
162.7069236061275,34.01234756510214,12.346731074878262,1
-159.77372971378395,-30.38920028408729,-65.09823606984271,1
60.67134327020735,-88.57376551718619,-134.5140067338797,12
127.95314802455758,-100.53200576476726,45.5417018280206,1
121.03852453305235,9.76634507585387,-125.67362000268257,1
133.7130528029413,-106.05376875677237,54.57382754050724,1
17.127980906005366,-64.25934403584806,-0.3728684043452375,12
47.59298185980682,-78.63358745274223,-85.97516493912681,1
80.1172771444865,127.82020863160808,45.823203529720736,1
22.18413918683203,-38.51544325071175,13.430029736228144,1
-94.19316509896966,-2.134284488924702,126.96291702040733,12
-12.752759153029798,108.68353636081868,78.18717361637972,1
-26.932118396896847,-61.917929389753716,31.628764431364296,1
99.09762587519803,145.10040081935352,11.943390447453607,1
49.68052757147155,-6.879274423196401,67.34650431038087,1
-166.4691223787245,-7.738320031364119,17.93428653571692,1
-39.2066802543205,-156.9665309598272,64.58540529652505,12
-83.01147312647382,30.733634233099092,51.411288909802636,12
-48.20362493982595,95.81550099958194,-67.17362498197375,1
26.508090520490022,12.848328295620915,-113.43420411465011,1
-115.63194195991436,-61.56636886577834,53.719268064648574,1
-38.88097360052114,-44.17712660309329,86.99858448132976,1
-68.73155801538222,97.723052711342,-112.22345289762235,1
40.32283816533778,-87.99093256910072,-38.458269695443626,12
106.28960280379184,-76.62104306448097,0.43484464065429324,1
50.94769977735521,72.46960487276901,153.58352016667084,1
-24.232839449194152,97.31253442710276,-142.6852274293772,1
89.68019426844907,65.45448301155518,101.44847927742974,1
152.80692659691903,-15.449388691435614,41.68656774837109,1
132.42739594526716,-93.89015239970028,-52.68327546064118,1
31.374551014569317,-16.51316426014522,-19.314889263847927,1
-40.184557076835446,57.993326692700265,145.3063458425991,1
140.98412352974992,55.45123425629343,73.33656299944545,1
104.2247391378683,-91.34935697610672,7.613439648501531,1
100.65469436235476,49.24228672486628,131.60160641187025,1
78.62804786861604,-71.7863825546063,-54.53892168418987,1
24.159452829439623,-96.48894175896962,104.3316680991689,1
-142.0918284242488,13.755090323830796,-98.96461922610168,1
119.45441087834408,88.38488782465046,-79.47288186985675,1
-82.57880869024463,-114.80369761831919,-89.49984639709334,1
-30.97321913424757,47.33217461279622,-123.10584417930778,12
-27.74098053125332,-33.74355558652696,-164.0105528792728,1
168.80813552379237,-11.122149869208533,37.982292534238645,12
-96.68796603674744,-44.630063458017155,-131.99260723619972,1
22.56672268501166,-66.7634076560694,-41.919430161050975,12
-75.50180869711538,-11.132943842570791,54.7012540387953,1
-36.391696808919214,13.904724953552826,-119.00825139534092,1
-65.60166459431119,-11.555474891033132,54.80416630266592,12
-91.10602404251301,-25.597311596356544,41.80808146643319,12
83.27741961609595,-55.943713385844546,85.31295702576004,1
-61.08341153959604,-158.27089687956084,5.894337055121962,1
-46.49421455997334,14.646723338186538,168.8370487291145,12
29.4559904370444,98.59460888744216,111.78357475990387,1
-91.20441744573995,-97.06093985817665,-103.43804321620529,1
48.063939517936404,-102.53134068367017,-37.494642116643234,1
77.17954566775664,-156.60474622272238,-9.919936900632466,12
-114.30281893372857,-48.768166990294084,84.06146181143575,1
91.38043775692311,113.8946252375194,99.74182484802509,1
-126.80095695409736,-2.132677558931722,27.38304481295519,12
23.001616456532982,-148.8145755122662,94.89595462767944,12
66.26842679478418,110.6653771915619,86.01198826803399,1
37.23510664061068,-19.41676675092504,-68.34247875618578,1
-52.64316659444559,66.73002318553753,-153.1943922465787,1
15.23482727877708,114.79311499079272,7.476826044644604,1
-67.50333896028498,95.19994330595075,-111.14559847656807,12
-30.559231472063352,31.17192243970336,-75.75202675609532,12
38.46532665620088,-48.474127567785054,-131.83331538584093,1
148.69184922276912,-91.59405721177667,18.8655533192348,1
46.71400004283565,19.492895909761806,39.074602316154504,1
33.85917513001809,89.49281115362936,59.13466878126279,1
156.1462035531245,-44.01537643020457,5.072405692584659,1
85.49529450030451,-81.0813262887649,104.17523024792055,1
50.54013085527911,40.45072153634788,144.6477703494678,1
75.87352466582438,31.0295079412903,40.41348644576329,1
55.700693153708315,1.7628748130911174,-136.2153492375912,1
-4.6357958563803185,-114.0867050685989,50.39835001482236,1
-45.26744669269068,133.92429053924872,-44.55581068165142,1
105.11851375855416,126.69962748262958,58.557048445005165,1
-119.43927532975836,20.359690642181473,13.718232247202446,1
-135.24847122876324,86.00120152204656,3.438016409544663,1
117.42644654091222,85.42980011362211,49.46711218352537,1
-64.80300979293358,-121.76868628084546,4.3013622228665715,1
-28.553831048964984,60.69123058853813,77.3791488136171,1
-58.655527619475635,62.49185204068107,116.59126057238285,1
167.06428248581045,49.672760432895366,26.98027179398659,1
-27.66069349511564,-99.43794698792497,112.09812696267475,1
120.51468384662941,8.804405761551331,37.784658156181365,1
-100.2429676594906,42.92302964202931,3.3792397848675058,12
-14.760705251299425,-75.5957276274048,137.64341693109424,1
121.24189298128366,60.2229527927415,87.86972242242629,12
132.3210129610494,-79.74993339480808,-66.80355767161501,12
158.70530084775058,18.870141918562588,21.465640662938895,1
-23.127834114695307,4.586287612693597,-95.98220172108451,1
-10.085164223386728,146.74119381240783,27.801956987770847,1
27.266827774022566,87.6694164180594,-48.415909482240664,1
-155.72795865510264,18.212490973590327,23.424582116672717,12
90.39006812239606,-20.437202073937843,-36.88955536995241,1
33.57652562363345,-55.89302775234668,153.16958464623934,1
-64.74370415500942,-66.55825906271828,-34.54437031989297,1
101.03132033097813,-52.05074353187535,57.355019057646395,1
-17.22647694770659,-105.28466382034404,-57.50742506069516,12
34.4567200483542,86.83460377664309,-123.81948088418933,1
-55.928309760562286,-139.27599799702082,-48.81140786533231,1
13.93344916588637,-130.2970132066439,-40.99688480896771,1
-96.08405232984471,64.51422849084214,-110.81736301907117,1
-80.36788304996274,40.808708662776205,-150.37529308295007,12
0.7092345706481068,-109.34174334325593,121.3686494762359,12
95.67524409447782,-104.57154871693493,-13.759231472070935,12
-57.83896044779038,25.05821999224026,-140.19328827187834,1
-38.32883418683816,-99.82263285676409,42.05098685844725,1
46.41869990448309,133.29413008760807,-104.02545410494625,12
-112.55392896113052,118.04117722516467,-59.389125840019645,1
101.4685733870871,-109.70769405544472,-56.61948393988994,1
101.6428897014609,8.662698570060485,-91.12546065055675,1
-45.09048027420327,96.72321522983772,-8.634319793376742,1
-147.59957876022804,-70.89512889371059,-12.431215393138826,1
42.567770290966166,52.99468915228788,90.5982124129559,1
100.36703845185856,40.1929562679075,95.04681374065534,12
68.30090908941884,68.86892798869027,16.574230173507324,1
89.84451250989339,-101.44553466717446,77.75505969485576,1
16.95105694573918,100.25922962110371,78.2125497603969,1
-22.323261738937962,72.29209298686611,-109.59790023809893,1
-144.50039204482675,57.19186328348554,-45.958684371623384,1
63.64783732069323,-78.19079483998108,-105.46981456931925,1
-39.86643445595807,-36.31251241449656,39.9614119396705,12
-140.84389311059874,86.14542448633738,39.768604053113535,1
116.01877272215444,87.02517197865487,-87.43396581981155,1
-71.69014393750281,2.5392454555103656,-115.14527805265253,1
-89.6056054269699,-65.31489408448925,10.881351914323677,1
125.39657382976834,12.758991613457633,22.153664212901806,1
8.413758469031334,-104.80413222886312,-35.69685043005547,12
98.31100050372861,-29.02248977160875,-80.10566402111716,1
-91.87823514670477,29.290877557632793,96.33655550435718,1
-76.77917240357228,34.58466262103892,90.84650904285614,1
101.71587494455015,-89.95618482990291,-13.793442785240664,1
141.5100658497063,49.59434683433836,-98.39226350415557,1
45.40669336068727,36.91806706258614,-76.5219260549927,1
-4.600246334211648,-30.765317117040603,164.7038925952835,1
-8.299066070603047,69.73211189581271,-2.0787049987849855,1
-128.76618553951573,39.8516309286446,-10.620559516990296,1
-17.496779262044257,-63.76756247089844,-71.39672169753828,1
-10.475650516618051,-78.04477457827238,101.23195562564952,12
66.7277759501011,31.513823521507856,25.963393288525534,1
-59.142397451818574,-132.3205511000037,25.69527581315691,1
9.610514379479566,-26.826909571123377,-38.99973390246503,1
108.51219322867239,-5.056862264559805,-142.652133822238,12
25.81936798507094,-97.4959109051201,87.0231277138897,1
164.13657578379,71.23990070053867,4.98195013474649,12
89.86707091283324,-107.69338269982607,-14.475193638357572,1
-120.43608339334877,65.40992033371084,9.10940168933512,1
-69.648709939523,-102.31023581804986,106.09679846338028,1
-68.78179875669056,95.014080286637,2.81088359668995,12
-111.47164611133495,-128.7860367254383,21.00729951712759,1
16.87446016637325,80.2653427033168,24.592979339625334,1
-87.60907439956819,-53.82535543989586,-100.47810792451422,12
62.751514433605934,20.245942595864875,137.53444704186649,1
-40.987795277701665,-39.840394625734234,37.18729444481762,12
8.436177415459797,-111.91076889460902,112.36073787738638,1
-85.67205162025924,24.618527808955946,-64.57427954737783,1
61.04221059902287,78.87140980371544,145.21330732351305,12
37.69734342221409,26.390385103140417,164.87507885879938,12
10.254869698996146,36.97075966565343,-26.51473710298673,1
-3.1744872677135754,-42.75126733590491,-107.39420106623174,1
139.94420994716847,-53.06110276140376,61.14144688353293,1
73.365287309838,-163.87432955225225,-9.306258281146077,12
84.70081892951401,32.72249770645126,-11.082654535882156,1
141.40659269728974,-20.506065235429492,11.55346746818091,12
-23.857995825478486,152.65603056576896,46.58780057420198,1
71.3973464681036,116.33029448030373,-41.503480311592526,12
-85.09431899490413,-18.97788595088633,-72.02835164991392,12
90.99356558065759,102.08642427917974,-19.74380742370335,1
54.88270306597589,-14.690548001731093,-27.267841417983945,12
149.64054385293633,12.958345697929916,-40.37928176239048,12
-43.213637288975264,-93.590364760424,8.659299024453812,1
-31.53826035098474,114.12568622817385,4.739916172026018,12
-85.51274710009956,-35.39002845141493,-64.25188882985884,12
14.36977552431878,-147.45251734686832,12.928672595751534,12
37.50567864814818,99.94029902753635,-141.95536104518175,1
98.54408261925262,21.827653796961087,-141.6104471540532,1
23.433660378697635,-5.910018929520828,73.83984458603413,1
-16.8770836054153,-132.0164091204608,-60.616081734953944,1
36.93107378861211,86.43348124377066,-135.91492925701255,12
-13.675732816104473,54.296246287357896,-65.55131642313363,12
137.05847728404603,61.435926331718555,-54.04550775975583,12
-93.21202425673962,107.53728225107537,16.39420650583479,12
-34.594021983684016,-38.990151885201946,-95.2314042105772,12
2.4246505689497213,0.37657830270794007,74.82615663951243,12
-83.44378591378684,43.05396094095004,-51.51957980288977,1
-131.46751374922306,31.995051222339093,114.43690520221473,1
-11.713347319328486,158.30938063019852,26.397389044645127,1
22.684679028268366,92.94743810973017,-108.66503859206445,12
-74.38944602161158,112.78765528442793,74.43240500719816,12
127.94061494144756,11.833927527923201,-5.581419027107811,1
83.1229512562925,116.45610571803812,78.69490022078091,1
-144.11677958215438,1.174796641569991,86.89060514728202,1
-39.565764292830686,-82.57063682368351,31.82825757984278,1
-15.093976752009889,2.6582024085651845,92.65304027290219,1
93.96078012035981,-117.19381607695409,69.98173005192487,12
83.75322703932513,72.74983168527318,-87.3827826454351,12
-58.08398671907314,139.24530322982088,0.6038821180524541,12
-172.5851134770062,41.36297863658871,-13.159202209559496,1
60.612531935468205,-96.93953752291024,-93.85935059843605,1
-138.36679128058054,81.02094859744969,-19.23337690281164,1
12.396691200189203,55.13302933596817,114.15226906993875,12
-71.26802760994923,-8.187340037135337,9.461864214182038,1
-46.0115146826556,-74.2301537277724,61.79105805416109,1
14.243771821595177,41.74189229834445,22.26803328589093,1
-61.02907594215646,9.086339820752677,70.61016821491471,1
-116.61159634403646,93.05089714971781,96.03925957733846,1
-58.49908373206462,127.10183424171598,-36.90333322578272,1
-84.43413810618515,-37.67758011638907,99.63044339957817,1
14.710863989681599,12.8548700811506,-126.93901941712294,12
-58.745871586011376,-69.66479080413893,-29.014521211658707,1
7.334261166463392,-31.278566093408415,43.65925385151749,1
86.36277560021232,-0.47184956021004304,-56.0716243236345,12
11.547281035468398,-48.13616057912869,-113.64891306953749,12
-35.17739478133914,175.2849722483877,-9.00218633679718,1
-8.727197567604644,64.52386223360526,52.75334855087101,1
31.073137051135568,-45.404945385417776,-90.63082227228941,1
-47.422303856988776,-50.4350501648332,-28.410446180004374,1
-54.90784523597029,-105.03703773644013,58.740381220006014,1
-23.105339471606136,-34.39979646931609,-56.429530669019,1
62.316519964312754,12.04773987815905,-161.25815869251576,1
18.275412889225727,-43.90964900319154,166.73234184361831,1
-55.980031103239284,-129.92604708667196,45.62435245842349,1
-41.78749489570481,129.42294477122803,-1.4061073534102042,12
-39.08049686720515,91.83248149396864,69.79940411873774,1
-19.618591673840797,110.062978909093,-78.68387094506717,12
-160.82087742022273,21.380511377370496,73.25406204481034,1
81.3710822057886,68.55132561357146,83.51598891060037,1
131.25603320560472,-57.84295650047603,35.480230043011424,1
-18.742525994215107,-102.81727579808572,-63.36822524080097,12
-83.59540139436871,-151.55429833947613,35.525355877089595,1
149.7283654532959,58.76424667733636,-38.30191719672602,1
6.761599264038214,145.27005793959472,6.122381122188284,12
118.61024175458509,-10.778403842318891,-113.20547802648703,1
-61.11036418773932,163.41596265423456,-36.82998821703641,1
-88.48388663089015,99.65512256619837,-80.48442560606624,1
-50.134030499820774,69.74437993596268,-46.77256671003638,1
61.03765093112311,86.02681540941502,56.68777024659436,1
79.05061594874488,131.17474339254375,78.95687310366229,1
60.14447367829828,-40.766746439807726,-71.05840567937544,1
-19.809535369768486,-88.50520930742096,-84.73717423944491,1
124.16262888492159,-116.99536701845547,-30.99385867269253,1
105.87457194627264,-72.72160750798209,-83.21326351651999,1
147.93305513203222,-85.32918365070688,-6.645106616749658,1
53.049204392449965,60.60808548236137,147.58846006957057,1
-91.79023708233626,22.693946677666286,91.04378541049643,1
12.931673017819577,-26.702094102132698,-90.328956838042,12
132.33299065086467,33.16119936931137,116.4577632892987,12
-157.91132942150247,-18.68307582386061,-38.50388063697408,1
84.76486593125692,135.97667427253123,19.981840659649052,1
-19.736339332807646,-16.945541054512223,176.568226090915,1
-23.332583702744692,-84.1508056859476,-47.84357119098529,1
-44.36482635409637,-117.78443748288521,94.05834182961884,1
-71.65797822471605,-157.6436350132633,-44.62652985202002,1
23.83190957059356,-30.225705318966774,-25.813073266560114,12
-71.48691138553598,82.54224540526101,68.9651544704196,12
125.00043310187979,-26.55708813361675,-40.84513956658661,1
-38.27253200688083,-67.04946274291358,-23.547430245001195,1
13.699644943436805,-30.597275590016185,116.4686195041008,1
-17.647800205209055,72.31262175036035,2.867933213055607,1
-73.18957104739266,62.37598220362012,65.5991938215122,1
-15.900307125689546,-18.42180923135848,119.97732103164049,1
12.078325820757511,73.6814191532049,-113.16545825351038,1
-90.2247801540063,129.50916322511662,-3.8601249859275844,1
33.14569267120728,61.309666797976874,-134.87258327145398,1
152.91777645111787,37.12383820446048,6.081485538318838,1
37.20723218610835,-52.35787673985275,28.85817126623709,1
-64.48925238652319,-55.943720396638476,48.60539030305859,1
-121.22768642286154,41.90217808185756,-52.704435760833086,1
-17.92110715965354,-42.05559958128603,-116.60850193861938,1
63.665272025679954,-90.25001136100146,38.92531215822948,12
48.199119726850526,-64.56438069991022,138.76254551385512,1
112.5010082304428,-47.02454465144216,42.91288962753625,1
-71.48623646543207,17.43890737935638,71.18174308865889,1
-124.96835876129404,-34.77195844720493,-4.4277839581961524,1
62.39586625095476,46.1484057080491,113.88976765283219,1
135.1140412425718,-21.907645904741024,-76.1861507014739,1
4.126195581025135,-48.813932466018755,169.05982819314917,1
65.93530147124636,56.21970941128313,65.95703435519691,12
99.1288328329817,89.99957904493877,-8.612106696302055,12
-1.5582620948956407,10.624050359522125,-112.95217189317628,1
85.74316341734026,-33.427681339837115,37.46079566029595,1
-30.502090889747937,131.5174546974908,-53.792900288794996,1
125.55032330567887,110.21937239704346,-15.602032661959273,12
156.25541797730384,-37.32096307255023,23.983237991090622,1
85.65541402482576,-30.096353638681997,-22.625761319642518,1
38.06408635562843,-86.62281344167158,-80.08483880049845,1
-83.01211739399925,-103.49404937197555,91.21581983897161,1
-113.57591624263087,121.06664627462762,-50.98351093285989,1
13.761789070785259,105.23996447560083,-109.82280141444168,1
55.970004929887764,-84.6433501170512,39.771111956961875,1
-95.07223716457779,91.84628514668258,79.15054807889635,1
-96.21380692213283,-127.66318102107094,-77.03888626046111,1
-46.963293756917565,-64.63465363727168,122.2990693821643,1
-114.9465396604577,-9.622488169738586,-74.13190009692387,1
-118.34615131151905,4.099547867173206,39.61040931935358,1
41.07528559708904,117.79435278039807,10.148407627695141,12
36.55599635095122,1.0581510279325221,-69.24257951762728,1
-23.53693736213872,107.87341388441322,-16.874282970209215,1
-79.60455916825491,34.292977656886166,131.01702302743885,12
-1.4851449971798418,39.004378091242366,85.95544388104801,1
-42.694795375406734,-7.409832051596232,162.44357006290602,1
-157.40746110024736,-51.737919071896954,25.06471208161642,1
-95.30619827033279,12.001893754478766,101.61597971318068,1
-18.883983953399373,-114.51130803277292,25.89752263951579,1
123.45285707056621,-7.250938653541759,-69.9637467776388,1
33.60928075538025,111.45120434591196,-84.89647049155467,1
104.98772533127325,72.28716699132777,-96.92839525480589,12
-67.39096636319587,16.60143893407912,-119.05180767185207,12
90.4269464711151,-15.666019105035398,-128.0316789972776,1
-48.27048729949969,-15.082771985896295,-9.951521505216535,1
22.769160365227442,-42.818136951466414,-169.93174232825666,1
-143.17333170014663,-57.65622426344017,1.8421841556121483,1
-30.829761727062923,-106.6838007529362,19.504768002610362,12
-62.08858647957675,126.84933776200408,58.38954162029178,1
71.39923604552979,141.4449160796489,-76.2502177007512,12
-103.23815672230685,66.48472490716782,111.46671970999739,1
97.85670132527535,-17.523035166623995,123.77230899707695,1
-26.86485147992144,-64.02386120920576,90.988109888136,1
-104.36221682075299,73.6502606255446,96.25593484569342,1
-5.395012092063922,-0.8678228318080282,13.906329501109239,12
-2.7123690896024497,-104.34828119308175,23.601690557418475,1
-121.84315180511449,-58.095970652959416,-33.813578685974,12
-33.46771985343979,-20.059264716603643,71.29692804364575,12
74.95594700825511,62.91667317775945,28.033575290079206,1
-61.394937574024055,44.64872488532223,161.37849669887066,12
-54.21658326771394,-5.221190126175779,81.40273049685511,1
-103.94735655533906,-99.12079245345845,-22.17411674766529,1
74.41563946224561,-43.54040105543851,-19.673678303288543,1
-33.43829946846568,-30.87331556602197,12.203123548004683,1
-51.14364904802136,-64.32853064450462,29.647662944832913,12
15.670998985933641,121.76908145015318,-34.33235418070085,1
107.08790969527732,43.27041286515606,-136.8777681277078,1
74.54455377824134,72.54969771579009,124.6772740039057,1
134.55006355744445,-77.16923986435869,-55.03349596933504,1
-105.5957903667087,7.408549883148738,70.18743558189641,1
5.185951310495259,-100.38321805379586,95.14132962823129,1
80.03303214897447,35.22135429752267,135.99225367982748,1
3.4441188984988855,-23.52700276918167,157.01050877104439,12
50.61596004375962,16.8989263630017,-166.9218834488021,1
14.185065195912015,62.78174730156347,-95.80841367232829,12
-72.17597472110572,-89.16157238733929,105.78352971602976,12
-71.561533963033,-25.38290140198626,94.87096003250795,1
-146.55815535584154,54.58337450471941,-53.04710918611643,1
-74.54306388165676,119.06949322867659,110.39293358400195,1
-104.7121820383032,39.91372123720086,-92.89445363031533,12
67.8642466288088,36.88954863494691,46.094874969157814,12
41.10077631644444,33.71033611956962,-16.846832337116393,1
-44.58009304905039,22.506778922053037,-17.771620698598294,1
-1.4594301034182646,25.024242752652007,162.41063568126242,12
105.58082335922597,97.57773111029144,-14.275642430215767,1
-54.856866195365875,-33.91489569114102,15.594889375490192,12
-62.13804434149,115.0242199656836,65.87207728149356,1
-106.14987017157452,135.01062269320627,37.928258734848065,1
115.60792624477976,14.153274209072666,98.4839563041074,1
-6.105921769675686,-159.39211919834202,-6.157045158454686,1
23.945549186046758,-49.84706939147433,53.50417166141601,1
44.5270533964969,100.60738981974148,-108.74254996873293,1
22.57904242688438,133.98342692383838,31.850947279179213,1
29.693290527811307,-8.081135865585008,55.44853900362415,1
-99.3015111469029,81.73460785896353,114.98922473316186,12
-45.99013023539153,-5.200707158895931,135.9987182311775,1
-23.89077910447147,58.46560971254419,-28.331520337272902,1
-0.6232193272472206,-156.1998627560361,-56.81554089115929,1
137.85599538807614,96.49469407098177,-34.54315206938765,12
-73.2249450649992,-119.8283143430053,36.63909450222979,12
113.52912922103451,16.233235512982848,-67.73960558189191,1
54.04291479175846,27.72347256148027,141.3886304096505,1
-65.49730291989758,-153.55864980293498,-25.41722185519622,1
-41.722984381284725,-22.186523854885813,-19.4431658466758,1
47.30454236631232,-104.95692860880172,-11.715685091159461,1
24.694668956856855,-147.68580179119468,13.584790999815716,1
-10.129254689187615,76.91915041708677,-145.23282043183173,1
-33.801716818580616,-54.6535924295622,-63.34236735219264,1
2.3150690954138207,16.92416517780096,-85.55706229714207,1
112.72313159291487,29.203456546706985,47.75340775253166,1
-106.46914911856742,-122.48557671469797,17.198040142885375,1
78.33988634057343,97.64054187198379,112.31619375571812,1
-161.5193160055735,20.473971090083563,60.79544602754703,1
-139.92421108765163,-26.84874348494067,-87.8994690822615,1
-7.53101539273599,0.05013356245589662,132.53895758283653,1
-50.69362559860154,-69.75649964692663,32.961752736795766,1
-16.02404848438555,111.89478546155026,82.29903091439692,12
91.71778444400346,10.7060172686381,-8.290456563849547,12
-15.673045167428183,111.8141875950505,-92.55176348777341,12
-78.35452272244767,11.320951854440922,-117.66064562115784,1
8.709163297095058,85.44986639338414,70.16507660239306,1
82.9183443665332,84.85402370663171,51.53378078196846,1
-48.94178030541498,-116.59111633242435,26.381840421051503,1
-158.87242378556576,25.339559763570655,-42.368036871127835,1
-56.11314589526609,50.05161891859658,67.75963794413914,12
-54.38373224102645,143.87758289360806,2.133973908820931,1
-100.56910949605023,-51.518049724374606,26.116841314512158,12
131.2377465415285,24.4488692291092,-61.64669141517661,12
-69.64578910863256,126.94075015929907,80.08124788015988,12
-39.99359330462256,-119.81405623692463,61.7842471745014,1
4.214232512869014,0.37090087715691816,77.95070556155018,1
52.73083266880298,138.8986953856466,100.61719842309215,1
1.3765560195324742,127.56578498876164,-13.829783636939942,1
150.00715753805963,-49.615892767834204,-22.681803683207463,12
-26.987511370937813,-36.386242290867884,-88.55605294062293,1
3.5607810145122634,-77.3542013084218,135.68901934379332,1
-17.30948121634865,65.09780996163408,91.85888864520125,12
-53.25284268914857,-67.06943807340558,-71.10697467372088,1
17.405460336901132,-6.282059514128963,-148.60678990013446,1
-100.69486524055024,-125.1930190820924,71.07975910401314,12
-77.86389955210234,-17.48769808974353,-66.16804463483939,1
25.438630945855788,-22.22500672493191,-2.7604246807588546,1
-53.85887428914239,55.45093872923373,58.844257700510376,1
-119.68649492559821,21.157843938138257,-43.26722204780408,1
60.42819891958481,75.97262961440664,128.68383152358476,12
91.40968828603914,-9.860942987383734,147.72372511907375,1
-24.902943325307138,-4.109543435477659,40.874889586219055,1
145.77709421282796,4.969796321940983,-97.15091870818945,12
96.25265696108703,-18.197888489510326,33.418158355558354,1
92.61364718121379,28.29909896809771,-57.056936226724,1
-41.23331766598737,137.50931821686098,43.93769591099691,1
62.99866184219141,-5.837187533165716,140.74665587534687,1
43.574464310512425,-117.79011543476757,21.772903954805425,1
14.92313097889746,122.15642545513184,104.21482823344199,12
-123.49360887444166,-31.812364301974917,97.66894833600594,1
18.67469532512094,100.32805638553782,-33.14987286282649,1
-133.37707550693972,-24.63412741298961,-36.585741533449756,12
57.54658167319692,80.08449495450668,93.0480980753041,12
-130.62390668983969,-18.075281454180107,73.60301952486773,12
102.17267438388645,98.88332558028732,-50.98870518156019,1
99.17498551525935,-20.612205558584737,-31.385508764173657,1
37.76030514599553,144.27439633318582,21.237283501645692,12
107.12991775133032,-9.924480038578233,-119.57469968848028,12
119.09277110410915,-88.93285900406111,12.649034619830784,1
89.88201962942954,68.66877635155296,-139.1208138539865,1
69.22695233819968,3.3834645935913077,40.78242214402289,12
-96.66156454442566,70.99737461640568,-69.26369622771665,1
-65.09266199036281,129.56948062214224,-20.661604014045583,1
29.307347778814645,163.83263893172582,-25.298117274820488,12
-62.83072017541564,-65.72811249706993,-132.84454916213537,1
-96.55404097420613,-151.04148439154673,-13.242294891726056,1
-60.67238084460049,-49.386123041345506,33.11334219095285,1
-3.7156318517202016,-77.63779425460129,128.10718213112153,1
-106.02836744842392,98.45685096501357,50.28780253331569,1
-78.70939704788415,-52.835280744870055,134.9160727176868,12
145.45049224869666,79.68917160363736,23.75067339058557,1
-37.75177427201783,-41.54180850421315,94.23091646870633,1
24.7572545502061,50.86868479053313,-101.30749409937052,12
137.27811494879407,67.67122896027554,71.66424490842745,12
-93.83089202545763,-50.944455778431625,-59.63317222225966,1
-36.53907361012986,-47.23779817137134,-83.64608462673596,1
-54.559735135266536,-40.278929077664785,-47.313339935801814,12
32.42753788966138,15.762149776046257,91.13710869867292,1
85.96911999464785,-53.4201057601756,-33.089651032233576,1
9.455006153367831,-34.00837535353801,165.87979704905877,1
-10.586470160097285,104.44692750687919,-24.119874734342048,1
13.185282990663064,53.258324554923014,-134.17822741552584,1
106.86028766068772,-13.299172135689638,-66.12764952866772,1
83.11638735660588,134.8883641081202,40.332606474114456,12
-9.316094393360386,-36.55880811959,40.12250775383449,1
69.86032593660856,48.747554361635736,-23.64180502393388,12
-79.74070015511154,64.26863891061912,-121.80920106466077,1
-41.47085103493231,-18.781590130750686,121.00956448262444,12
63.6980163023508,58.95494060261326,-134.21600354886385,1
-137.67652339297436,65.57295113297783,-71.76206378866193,1
24.77094542250587,-45.657440785304246,-162.74989471730112,1
56.254109109769516,99.9672636042553,-122.95625254087741,1
-36.94233993226174,-58.67659046308366,165.75878422220723,12
53.09893320522392,-26.095571101781864,-20.13789017325567,1
64.3505629041488,94.72973742686294,122.41269241849606,12
7.795907888935319,89.2864447310743,-94.85234559412704,12
118.87868304843951,-124.59005744943131,47.460083024337905,12
-117.13956858189819,-12.037112759051112,-1.2908350467526508,1
-3.794663276948329,71.42920338528295,-64.88883442882012,12
-5.774406194919037,-131.6091630906395,-64.65389272202495,12
-48.394277355448395,-82.16062807182445,-81.04989375387092,12
-118.77684221147635,-122.92480240381843,-4.593379007277371,1
14.786070258287655,24.210406406214272,-79.06808489689706,12
14.384168652316461,-62.473920599007855,-15.806750764144322,1
26.741584122191426,5.766445194415178,-174.93337072858787,12
-57.23698855285171,116.06936168856065,-111.92199781729776,1
1.1095918763508874,116.89112134952231,52.65187474753014,12
12.353037263169067,89.04781957419245,149.5572690808305,1
-88.59330351753876,40.70720394514725,47.90036015418263,1
23.154999810037094,-88.99944562424274,-80.78312774168413,1
-92.71233861587058,3.862611271116721,145.13308010230148,12
-85.44993604644432,-30.642756968714785,-24.994650129281343,1
116.01758114180416,-82.42548519683415,103.46905347020488,1
1.5238524934728774,51.15717157035384,-141.89925734820332,1
-51.44878644005795,78.9001016215564,-150.51031774177682,1
48.53094826308678,-74.41054996741123,88.64861727710552,1
-1.123454597058578,-76.74563147663741,135.0261285834918,12
22.43603904755298,10.516953925530327,72.8282481094826,12
44.26310672192297,142.30066930794806,-45.552510888775004,1
53.30605185962081,53.29664723171965,66.24418717381874,1
0.3678045564373929,-79.6275597307896,-84.19666277895513,1
43.306110378339135,25.9596737458699,-100.60359700955439,1
-124.83411137575203,-38.02591884813326,83.06247724695032,1
115.1662783602479,-131.44414447099908,41.899267461267826,1
-113.88595534676084,37.801834644229594,-100.96779790643359,1
-73.54429573875248,82.21149104047215,-12.51348123414308,12
-127.65075199349381,-70.31818138984862,102.80779937338076,12
86.49168791582635,126.68196724428874,57.318347441036,1
85.8043932430563,-30.279987362829665,-64.54267808844585,12
46.553142016759494,11.362003001633072,-67.33659678396768,1
-40.65753286148852,-130.7151797096573,12.029511794252356,1
-31.741876183514265,-83.91907416066616,104.70462424849582,1
91.84407687534183,35.17080550692406,-75.48250855688245,12
99.80533258987599,40.40804769633934,114.37045287864946,1
17.149106591209698,90.46041254948827,-125.84330915206515,1
97.61606249618683,-82.18761696820775,-94.20127288274917,12
169.90880742475133,-18.084899120528053,-18.79278354832238,1
25.287272210902366,-15.36734795152926,171.42869586810093,1
168.33092901299003,14.52300243018539,16.254724098838533,1
29.536463832322227,-7.5911252812824195,-42.78652515957061,1
66.63536389993125,-31.218397870606008,60.682602633709685,1
114.95731418912455,18.13514693006536,-73.88075948007072,12
-140.7225806295928,-37.45019684504405,86.16874924147912,1
57.778713011729515,-5.58929093729034,47.61529640974157,12
-91.8631724074299,25.592348311390197,-32.71725318611225,1
52.74348120342768,-34.56605891375871,84.68585797726784,1
-68.02357398842656,-59.01363922892433,-106.31816869188627,12
22.284728262547496,-54.60163376616307,47.72376753598352,1
-34.05815674786821,-145.95902662139846,-11.597219504409242,1
-99.86703043984895,78.63482252274433,121.73598305945706,1
-30.719789573910845,-46.99958219130117,-103.91369861751909,1
59.49138438746232,-62.41001156329422,106.27166744581184,1
-12.150540205399235,16.392348553834513,-106.61817605743101,1
-71.21213694293579,-33.168822476231966,46.14472872349046,12
113.91974770781015,-121.61893029975025,4.617888858435058,1
94.35423374580269,31.937460336969952,124.79295839302411,12
78.06453064330667,-89.8344123213153,105.49667790732961,1
84.01011753426178,-43.19265404761123,152.94611524349,1
10.548348136864348,144.08533093385435,-88.85960520647453,1
101.9647833966036,5.028512093301555,121.60480971759483,1
2.780628993073349,-5.9020076745183765,155.41713283586802,1
19.324042426315945,-123.5380525286863,-110.2090485387655,1
46.16312656856816,19.231949971352865,31.757978941391404,1
10.150227168839207,-56.97221120386853,160.57074057020554,1
120.03937512017556,-41.5795323011174,-45.997375949141095,1
1.7440044992086614,-88.6281309677483,70.56909501855142,1
-120.32762003745168,-82.85596989148434,39.11104350133678,1
43.293390461744515,92.85178503553851,-5.676297436757236,1
70.61992118803653,-14.94517584905288,-125.74699294048413,1
-56.8273269619312,6.813682953418741,-117.60569026048827,1
109.13001769369966,61.96924770474453,100.78493005236325,1
-109.7103079720898,-35.172774096039305,88.49154233229287,1
14.691551609399141,14.120123856586885,57.73430589221211,12
116.81790488315468,-76.03684211695816,25.704742961834746,12
-57.18927363597686,-90.05658937568896,-143.03216700294925,1
37.9435030725621,88.91985796111261,-146.76850591612913,12
110.22381269569935,121.96807619973949,72.5559007982665,1
-34.33524469049325,141.5146770507923,-62.55414872590587,1
-94.595951223289,-103.05212507280798,-17.65803252065453,1
110.9436594752268,25.13045162254841,52.01740276975005,1
-54.931308400385596,41.071484316495415,-142.88093428724417,12
-15.954166913197984,81.59910865306999,53.690146857335876,12
55.834953906430535,-10.341072559291005,-16.9029214503999,1
24.618088603592646,-121.90762605787556,67.99968659031235,12
-171.6378206330042,25.361623131421528,-33.55577782419002,1
-127.91380774855641,3.2259061862449783,49.49823057421324,1
45.265997185309914,-72.13953450970693,137.6278296101127,1
46.07781280693018,124.59303120965532,-51.245877494283256,12
-65.79855272304243,117.00989347525244,-114.30885611077174,1
5.004554313542342,-73.76197359876393,15.42549663557303,1
36.019076920412395,-37.72975579697821,39.546794326498244,1
86.67139135632013,25.462248550867457,-132.58735660804834,12
-128.07569031397543,54.86795904279595,100.79140948236201,12
111.75104454702105,12.598140284256287,-90.92781592411644,1
35.2398101045199,-114.47438576842102,45.52513998352916,1
57.98966921017701,-91.21404182953809,96.78945888357477,1
-15.392127605738926,141.65556214487634,-91.85431521181611,1
-30.500664012071542,-34.51100105302849,16.726083289783812,12
147.36849357875036,30.51265129053822,92.12213214906254,1
128.5283917648424,3.810579590817253,23.969767954128663,1
58.283416246381556,-34.61453416455746,24.526805418297847,1
-31.900531444811048,-44.759876064114486,118.04413692208496,12
112.74661661671175,-67.31504270359773,-5.688808101377533,1
37.58497502224323,59.702115005412224,153.1969660442512,1
96.5943476077604,33.86171357149852,-109.36936817489858,1
-44.91558022612616,-25.003384029399758,18.83364927980508,1
81.24647229279104,-23.794564416046402,37.28195315800783,1
-131.06744175950232,69.36646248333068,-83.41516558436159,1
51.32142624188129,-80.75815528036854,59.565568273514984,12
-66.70834439189241,94.67879996746186,86.24947896645078,12
-76.7853159495144,127.31616684975972,49.30684429970517,1
88.18308456357252,-5.714660349738021,-104.70581242433254,1
89.00838407661885,105.39097040205314,-95.84801098766297,1
18.446658939118205,71.27553970628838,-53.67745486608608,12
99.01356314098933,-122.16147799121971,40.137722734775686,1
-80.17806455035452,-129.50195445564324,34.88732988379092,1
5.951116954401143,-3.1008048393712966,-60.613074284324256,12
169.76739404577427,-21.04711699808553,23.36497575446373,12
-20.323892946282363,47.64844426175665,-14.305837233726852,12
-56.93985255215116,-129.21794671804358,-105.03734563818183,1
-18.880460469545632,-7.693178542898572,-145.83792170301686,1
67.84642079151953,-147.38234533979508,-2.270178015275535,1
52.918188214581754,37.03417261884752,56.17001405679926,12
79.95430918316394,-139.20322034487359,38.051276820765516,12
-4.679305775956893,-127.9619216890267,6.4758235308741785,1
11.874774963772355,-82.4550623105652,95.24445772605064,12
-54.68791081016239,-151.3968889515163,-72.65600797660858,1
34.88186463797617,34.79095247799323,-107.16057823825244,1
42.10765254789116,8.998795173221922,-121.69884818935816,1
-5.609950519668271,-135.12519813395843,42.21224182283614,1
-47.620468984231714,-35.7105920233376,77.82798298247148,12
-28.67671281943189,-10.156124128723436,143.03139758771474,1
-8.190294221880144,-57.9041421305383,-136.11048925676897,1
125.3930266010099,-70.81544071522056,-0.28011467930829453,1
14.265004792025099,11.88902675710163,-178.63207619010777,12
159.14411660896502,56.22611246453917,-17.94047989674734,12
-38.62317518900929,-64.24976301366505,17.738485059037057,1
-64.82616811452932,-39.7354137436289,19.232059224634522,1
-115.06857668715735,-107.97798264243453,0.0736302450901824,1
-55.864969376403806,123.105892818508,-98.92048433235954,1
-45.95570300601682,45.34837388229325,-118.48684420730714,1
10.006496661380403,144.0992688830266,85.44828038066167,1
-53.958525289331085,40.16639302869479,-121.3547124452001,1
-63.74254657960934,106.255007160555,30.138135833424887,1
0.4735676240024265,123.85077275215133,129.78612511004317,1
112.0367437581996,-118.84234373513212,-34.4835441229738,1
39.43207172649273,53.21507582107516,105.08073338928298,1
85.23702903167856,-11.569023049366024,123.97931557651435,12
-51.72646049862051,-25.46249372680856,152.99416503679333,1
54.806157450358484,-138.2652009056986,4.0682240232434985,1
-146.86868102327458,54.31100155265928,75.15547414684123,1
9.602209845379473,173.33651300294005,-8.453825513779025,1
-60.642031462257144,-48.06804799563864,72.79445121616776,1
58.1989060195985,-52.69774560500161,110.64605564558384,1
82.69877241987521,-68.54546052903714,-5.626829664504848,12
83.0273501834887,37.8943801634678,-89.3007584077114,1
10.403826668977988,-68.87136310487628,102.63707529557676,12
-25.56808475163972,-63.39866198013127,29.50960916526961,1
110.5382027327466,-1.0826182860274012,19.71932314214952,1
86.93822702864702,8.845015534394967,-130.81853588393938,1
-38.8591006452913,-50.76839202817873,-10.201473281920135,1
-58.0050008455347,98.78430499868054,-120.09748403087444,12
119.86286042028057,24.53634918425777,-16.306013431195055,12
91.92077723876427,126.88305517910865,62.25665586655356,1
-37.04302111951677,-5.64349292382505,60.22661924610937,1
1.3396625300426155,55.51753982492332,-69.15380560537753,1
58.871416235509976,71.59125601331111,-101.56733484258555,1
-135.0407456631038,32.978815758266585,57.93085462777864,12
-26.364494492972717,-165.18997789010973,15.330142879157062,1
-63.342750925160836,-110.18149421610799,80.79999878907365,1
77.16724083905545,95.71598835962857,-56.912009076179004,1
-84.4402350340026,65.49923580366705,-102.30336811400164,1
65.85592304018826,110.70864434566253,50.5658929155166,1
120.38847845479944,-14.890361891562286,11.005300340741462,1
-111.6784778267772,118.67988084383337,-38.51821018639825,1
-19.462431658393598,29.8999691113742,87.78893685723841,12
47.02247084389492,70.59738507851142,101.15615529765714,1
-94.32208190971089,-32.44200446254353,-5.578265969992734,1
17.012071262043598,22.44232499732049,-164.8087199378533,1
101.03820968280452,70.31810778700932,35.35509635289027,12
28.238125559877236,27.039411325379028,-128.80021828545503,12
-60.84651393121841,-59.10234066302529,22.242446302318115,1
-145.41874443060146,80.85212733136969,-28.413348909679456,1
-33.96186635579101,86.60860270248185,91.55648318987764,1
-93.33966035088876,43.63585387128148,82.99939525854874,1
51.934063592823485,-59.195043539688186,-149.28506794038796,1
10.993849443876345,2.7050522327417172,62.51551888434238,1
-153.01137265916608,-54.58413103191096,18.22803075920242,12
69.35855596441543,-51.55004654191081,-29.78274566253356,12
-80.32645785194708,-151.9621505721127,-13.507567123044728,1
-44.91808302798107,-25.572800357897595,83.1540035195477,1
103.18295836635194,31.30296521095776,-134.36495041282697,1
38.829357211727995,-80.57780932058505,-151.8264455299002,1
-132.38414907124877,-55.87029112183668,-93.78361085678792,12
8.748142901518227,77.64127253039702,-120.56118363219419,12
141.77913345282843,13.368950011086895,-94.44934846463578,1
-5.5871373415107328,156.53003972273717,134.76889634744111,8
86.947328595214728,-195.25409773559952,11.455377379283586,8
-5.4578523424307601,190.00178237610382,92.311750290574267,8
-23.590857365180774,-199.66154959162748,119.4236299825744,8
-81.410163872428797,132.71876810044245,-179.55017132684728,8
-11.546006484225508,-224.53849806193554,57.098614443540775,8
174.95627116623965,-129.86235103225442,-33.374251996238307,8
74.087782085420642,202.01403067021718,-17.731384274308937,8
173.82678863203185,101.33690890770418,-64.360618503600776,8
48.324102965787866,-37.620527561024637,-220.16110097359152,8
148.47511077781786,-25.195637729620163,-148.49302094920694,8
137.07387406491213,-153.97898784211205,-71.13016986337098,8
-174.57269976669767,42.541997432001359,-117.9632938288009,8
-135.67506234413011,-121.47386824593183,-102.40024205934625,8
-70.428623261180505,-115.16694972755737,157.77686585689793,8
-182.70455631008812,68.689132823720399,-98.159701787160344,8
-199.74690666045225,32.328982635987856,110.32565610840113,8
-6.8586025587288173,-217.76460118954267,53.034438511271446,8
-13.639297140288239,208.16342724082972,98.243183951427042,8
-47.991505625605775,35.556520499924133,192.32499003036463,8
-179.76748818612967,85.702187169774049,75.658383228043007,8
-78.799455208714917,156.69169910025749,142.73814295859646,8
-87.779907291596516,75.756902079950493,-198.14279716608121,8
-187.78191147458355,-70.346485891587392,-127.39923880409305,9
122.39911319747654,-190.08564808861507,16.181100811647692,9
-27.137774027374103,-153.84207718474542,136.59249375898918,9
-46.651890010345298,108.23250406670459,-195.08108312808716,9
-110.87183442434879,-208.66189437525145,-30.825671575866174,9
-73.520089481491695,-204.4622131885184,65.12074910482599,9
-222.43811596056207,20.900214627111975,64.375809849411709,9
154.04320282987635,-149.00482258048334,-85.588650333624585,9
-61.434778927472074,-98.570973886045508,164.98205150845081,9
-146.90989795737798,-33.342199552439716,-165.0542939597056,9
-64.054649893791648,201.83578262363062,-68.071368953624926,9
-160.94302615999572,-144.46942068464452,-17.784924089809763,9
183.687132627132,-58.350872238055338,-79.114583137268951,9
7.0031724550609011,-14.3956351180274,-234.26794424860955,9
6.7329946361167137,-79.111595740358368,-184.22268564027937,9
-192.67680281949626,91.452618876549479,53.50409594513129,9
128.54695447437052,-62.392893383963269,161.43467918137046,9
86.126873280731203,69.760982456908906,-168.96307607846623,9
-117.49916459470917,143.04968002415157,132.62425446464204,9
-154.24032145184913,158.13028213948209,41.732466853513763,9
95.764807743554641,29.880247221735953,176.79727076232041,9
43.541870830481571,135.47851331958952,-154.27124564140431,9
175.89279909060954,39.77318357987194,-109.613014703061,9
24.791855386186977,141.47891674696098,180.94695218724121,9
96.19953701927075,-175.4484004653149,-76.017985734713918,8
-147.80707256417696,-120.53731799569793,-126.76209837617502,8
-0.38827297505686714,-133.21192948409717,164.03156948072149,8
-113.05266335308039,125.19613388901939,141.89006695492978,8
-18.711387756451202,-24.433754438024451,230.40037838238266,8
-109.65844667018968,-181.25725489418164,41.640156728927032,8
-44.285995954048936,-205.55215726193509,20.353672239626999,8
-46.779216133660817,208.89343928731634,-89.925854494008021,8
-179.25898390668172,70.86798257400136,-122.74110614754181,8
190.35498549226071,-90.846644171756523,-41.384229846750323,8
69.099544477811733,16.932399237813168,-195.07871101952617,8
-31.281894771042328,175.72408613796455,-126.00383935025255,8
62.204475022244047,-80.120381614696967,-207.07750673589041,8
-103.58944354861171,111.37506856843295,183.84225815949813,8
181.54125170167418,-78.679238868516876,79.943527593453211,8
27.59576824245136,-35.105086077253276,-219.61508247426474,8
0.69948403393603154,67.479435547229713,215.82830366541322,8
88.246695428686621,144.75022409274573,-130.8190348325079,8
128.20407186597913,-179.4273397427329,11.250646973626624,8
164.47178947803584,151.49492730836823,51.99332526494188,8
-1.1191354981819652,175.54306670835007,-116.65352537307795,9
-48.229412719751622,60.28914090752248,-186.35064497114575,9
-21.91168445818132,94.673545828369015,-213.81835261987825,9
54.446071112950442,195.26943723368225,-35.325234205944746,9
197.7641597639647,74.722114070079357,92.590784871533998,9
-142.56353372168147,-165.71967616661922,89.757566203987295,9
-168.4796868749132,102.80780000963871,50.497276871966584,9
-91.33163438365375,103.16344304170029,-189.11892576542053,9
21.478205382393877,-220.01742073842334,41.98196994684303,9
-178.04764567737897,59.759876684875785,120.25214721520825,9
-9.9539211457734638,234.43731620527745,-8.8211485747529892,9
-148.19739924329673,-11.767329959456244,152.33992421477572,9
214.21323005762798,-48.397904763354319,-25.513617448397166,9
130.00784051704002,-193.49937616793306,-3.3930932064846919,9
-102.15994674952813,64.397800236467873,160.18191005366333,9
-117.86129227611322,-113.94737132897805,-140.01093043947591,9
116.1990848713687,-167.92250445044706,-64.827641503667479,9
100.39478708323897,151.10091653782484,-89.007605301934703,9
59.369165013675946,-169.98280706845512,-137.93335929519571,9
139.94024694733426,157.68000314871333,-85.137925000316571,9
-15.597066683472294,-149.38712612571132,136.97160502978414,9
127.4796168591471,39.354824528061037,163.50945222256735,9
24.95973505495699,101.06984551635266,206.33249314362425,9
-175.15537061412815,-135.23364146284791,87.710422147831622,9
7.9064128384239956,-182.3946075488376,-110.90763835656382,9
-160.59424179610306,-47.277352222488688,-159.20760331068809,9
102.91927844771963,-104.24911340553311,145.72326286500731,8
-73.104613756884532,155.74820759630148,-161.39196652778017,8
143.75432239614088,176.35990553237048,-67.576083895040554,8
206.2009888286922,42.462078895776017,18.16724421317517,8
97.721730195222634,-63.294866803442979,202.79913613819778,8
-133.86130692681942,166.81694972250759,96.958540136328324,8
80.328816823303981,-115.38974415459366,-184.50904390014767,8
62.326970183387473,181.60142968116205,131.02567791136536,8
-25.337184691464696,174.49208488114004,-150.65292565140101,8
179.67781239361258,-113.49495025763184,-73.541299343765175,8
60.180471082921926,-200.42548341522979,28.898914621744385,8
-135.20519528212654,46.529456685247872,-180.12417778150294,8
-78.913388650348168,-144.57931282822182,134.76713084641551,8
141.46714606594048,48.386888222797225,158.75777884752605,8
15.619350985866364,-124.08653936598591,-165.75802636924942,8
118.17478077850512,145.03623751762987,84.539481341936366,8
32.015625792261318,-118.20264371997308,-180.93538526756859,8
211.20938717450062,45.334021931650895,77.804740177862485,8
68.609155852718672,-173.05145723737067,-135.87390152408148,8
6.9887107213330282,163.40811479691183,-118.03680362882638,8
66.532935329928421,194.95096963035047,-16.410751486460182,8
-68.428325478976731,193.46020435388007,-95.461741568830917,8
-20.19839900660747,125.98630940956703,201.52130447125197,8
136.49129890621839,120.79649315920858,-139.55191400611133,8
56.128099175186591,184.92370461571844,90.506774650816482,8
162.14171990157922,6.9862915486484329,119.23760711156481,8
-174.29430144667225,60.299225321163178,-106.63444825482172,8
-67.369055559817781,-176.80447470061068,-141.51380747274357,8
-120.77937207201428,7.1948614438772776,-184.70952492838421,8
193.27484093184455,22.787652236955076,-121.78073399684412,8
121.91584353449439,132.82218882199763,136.37033175464325,9
26.254651033731236,168.77204672652388,165.13003949618815,9
90.114124614433692,35.026851428845767,177.03102515489425,9
-172.87878752841857,-76.304813069419282,-101.77800043211845,9
-202.99888513012593,-6.7834028814130267,-12.989218893771802,9
28.01295207128522,-192.38803559161582,72.549783743892021,9
83.630751383789715,-74.042203654333278,-203.92015299778294,9
-125.89272030484302,-182.87624493928405,81.368704511651984,9
-120.7706944033458,135.84301101641884,87.582315602200026,9
199.96232959472923,-67.972856785153738,-73.019845437235418,9
-192.43090799412849,-113.3581494272363,27.417879953425796,9
-132.57285316381589,-84.455934768521885,-158.1910856804445,9
-146.98492152826654,137.72237986399648,-94.352379508104036,9
42.762146944946018,75.271839715155423,-194.45806911270466,9
-172.37996427397368,48.905085677473927,129.51467214682398,9
137.0908514209942,9.9184042260247551,188.31697738009504,9
-38.061122212045319,-58.830142789139167,190.45236459733943,9
78.960070894219015,142.20881850369156,141.49313565158042,9
-4.0792443037290562,-43.991027120784459,-209.64485976970084,9
-19.036740366188912,28.938863305895804,199.08063381218858,9
134.29916178553148,-52.422010974778274,-176.27854497162065,9
215.20049613710589,-76.74685818071606,-31.169647338974425,9
-151.20100661493129,-107.42404865707029,-145.17077536016728,9
152.40883716241461,-147.95410474991846,79.533598582048782,9
181.36424864611567,-76.288715312202783,102.98322514813287,9
-168.57305100479979,140.13582401866077,-92.767112126790394,9
-80.21467633293463,-69.179152024578386,185.501102688797,9
44.59338190530579,-214.949698567821,-71.977613593825694,9
-189.85184877185958,51.918017666926474,-60.602072802713266,9
-84.539832084433243,142.55982671807695,-123.39058902211465,8
-110.41889313833673,-19.050746938808558,-209.23524005407958,8
12.03084591548061,91.84333967895445,189.61783668100742,8
141.57343291779793,-157.78642692461702,-107.42698349384203,8
175.48832278840547,-40.838136136669362,150.61141362308138,8
135.31473709619644,128.98433225545281,116.79354301503633,8
-37.546626286789518,133.76951724400192,-185.69257317223088,8
134.53731209748867,146.45183521980715,-84.051422624613522,8
-226.17467765330312,4.0784279497592371,-52.343146258644538,8
-172.5018031370852,86.866799310661932,128.66234842448316,8
20.462035274312665,210.94135282842265,-19.435301419255723,8
-44.910412733951858,-99.062841796704575,-193.41400070143649,8
-175.13277022347944,-101.60442367386899,-87.100841226405748,8
207.76309538779549,-20.819967148136062,7.1033756511866235,8
160.07622854427655,123.83708929785517,34.462868127830731,8
-58.117319614325581,-34.976128694783242,207.68612496396378,8
181.89321702157451,61.214966907074441,62.059056540340094,8
187.73844009094242,65.224533660676855,108.2694269937215,8
152.17280852027162,-84.374222688737888,-101.39417855012479,8
-108.41630580700577,43.318207677901761,-179.5081168693641,8
-156.64546904677775,163.04571759445057,73.723382220953951,8
18.096258998455397,193.70998242575439,-83.396458192166278,8
-3.4896682245211887,-105.40205561556549,193.99809338254013,8
-6.1091298946529795,223.40668250164211,52.508296010904409,8
-9.865440214247565,202.65995175174334,-104.09273011015327,9
-8.5474430810238999,65.563616913969597,-216.17221719052162,9
-53.3810812794311,-99.262074946595405,-178.10717659379517,9
-147.29726650504497,126.46624741461243,54.746901184508225,9
92.614714861458609,118.94915022844786,-142.6007261383815,9
116.76271661864914,76.726828280868276,-151.06906294287245,9
196.34383662529265,123.54810645693379,54.475086709672098,9
-31.9622277734756,-223.72801192550224,-69.553984334336874,9
19.605993057186847,181.88860502356616,85.098100285515827,9
-151.29937185492116,-23.815537060723567,-134.3359366425704,9
109.84576554141815,181.70230377412636,66.276490460178763,9
-60.684931581918974,149.18483663780174,-151.46561783797461,9
59.889054797342844,135.97425786453107,-179.66597498238266,9
-101.08378034901156,-19.813934161735318,189.38802933371699,9
-219.48756088201424,65.844149650344008,25.741780584178745,9
46.877836044331815,-215.11025705417171,-83.703467352139782,9
208.18741748599243,-41.28120650887012,59.841507490728091,9
118.75318010633356,-141.37514464168103,85.039715535442028,9
75.47692517639021,159.75715282778464,148.84087264569695,9
14.545971796939719,20.010883718143425,205.14264329739856,8
-154.08484712383574,166.9254147441861,28.958092364499372,8
43.302318102556086,-227.80363891730636,43.353972398886931,8
-182.46305117397603,140.82986147719723,56.646568076160129,8
13.365489520162271,-191.5501990000501,-140.03583528286751,8
-7.1507583708420093,116.99806768041428,200.17846528278898,8
-116.74478460019888,96.283636745412593,160.27440312138785,8
91.762289600563207,116.15392632315132,-179.21887833783882,8
42.50966721398175,-160.15015252605721,144.26008921418693,8
-94.352183042679769,-43.871179054128518,199.36531271882538,8
165.66536288197088,151.38429454425437,-50.278598817029483,8
-97.983925745640107,-74.163855162635272,173.22518081611295,8
-33.861962187176474,-158.40818496162765,-138.03222310889782,8
-160.17028532907582,-151.39647477389863,2.4677485652359814,8
-11.228784349054628,183.39361997316547,-91.588249604315834,8
45.95552735763043,61.121561990862553,204.66246134338442,8
-135.02928990754555,99.055868435903449,157.0769943809951,8
-63.160813754642163,-155.0458444497792,121.13349054889127,8
-138.85703775163088,159.15353026281147,-81.30871646636858,8
95.472495111241912,38.358850340904603,206.35737771649181,8
-218.56739627743087,18.761664491305357,54.882724010915901,8
46.907524816973144,-129.15587586711763,-164.23206248744114,8
-86.344901801626875,-54.995813719996328,205.48724245765334,8
160.93263820318492,80.163929889234893,140.27868590784018,9
18.266053078456761,-111.03105358106916,-196.06256801330355,9
209.11563791350625,-96.262022559425773,-58.69849568397759,9
85.987205826781533,180.36995051519426,27.573556714069976,9
-82.001626793560604,159.40334515549122,138.71636998844576,9
-53.867900071877486,-82.30648652963778,-205.59959724827277,9
118.30792918836138,159.71364452563398,117.31110903218004,9
60.682625767936649,52.835439525771115,-222.35017274718905,9
-136.95736545575306,-117.85339468688467,-89.793116011690429,9
27.71595620090616,190.04557199507309,114.24380368040563,9
-218.9942441108617,35.804681009756045,37.296251825337343,9
-95.80893996752647,-119.30080937540791,-152.96065787747645,9
135.19372626262478,116.65903786219762,152.48302759005264,9
-192.45000184507995,57.277371706931255,72.246151361427124,9
53.981546505338372,38.217843418182454,-209.70457603191409,9
142.6870417197299,159.82145272421442,-0.57385102197796101,9
175.25770521520701,37.672938102213621,-93.265430620447717,9
22.994283933291236,-26.661684150547345,206.9066379386982,9
7.8351957582958605,115.41944732367269,176.49973593130161,9
-124.24234154360437,-186.19516461615055,57.501313145042722,9
44.976225861811564,113.74088740590665,-185.36087254967032,9
210.05427868086772,75.308661176586156,82.864137895169875,9
