-144.5377,62.1423,-72.1332,1
-130.3735,-2.6458,-118.4190,1
16.0675,-144.8617,-45.5836,1
152.8292,-73.8860,1.6041,1
49.2668,51.5180,30.4385,12
-5.4366,149.6202,-51.7050,1
130.4894,13.3426,-99.2009,1
168.4448,-31.3406,30.3190,1
100.1269,112.2869,-80.1535,12
-26.8695,4.3681,151.4691,1
85.5135,-7.4400,44.6727,1
79.9494,149.1620,-10.0377,1
-65.7886,-63.4806,-62.4043,12
111.7649,62.4564,89.4695,12
58.5489,-7.4596,36.7241,12
68.1488,-66.3674,-71.3289,1
-45.0969,13.7587,135.6926,1
114.5242,35.4811,117.6962,1
28.5649,37.3102,-13.0857,12
71.6170,58.4345,-17.5704,1
154.8368,42.7132,-40.3223,1
83.0234,20.2517,17.9297,1
-15.9851,-6.6077,-95.4773,1
-99.6024,-12.2968,132.2006,12
85.7434,19.2265,-63.4039,1
-110.7918,65.0478,-74.9580,1
-120.2107,-33.6015,-1.5948,1
31.2133,-70.3207,-10.7481,12
74.1973,80.6742,132.7495,1
28.9675,6.1712,117.8101,12
-3.7485,128.8967,-40.7287,12
95.5559,-119.6383,62.0285,1
-142.9300,-69.4903,-57.0373,12
-16.2090,-73.7626,52.3733,1
-24.7338,-88.9231,77.9320,1
166.1783,-6.6210,-20.8250,1
-116.7049,37.6299,-95.8579,1
101.7786,-8.5709,28.2919,12
-134.4476,-90.5857,59.1052,12
-99.4022,78.0949,-74.1554,1
36.1975,-107.7631,106.5352,12
-149.0805,-7.3140,-11.8228,1
-88.4110,-36.8315,5.7775,1
-30.9092,-8.0544,-76.7852,12
5.4446,-85.9610,-106.2263,1
-87.8606,-44.5756,-61.4423,1
51.8573,148.8452,74.0904,1
-26.2218,131.6207,-103.1226,12
-25.4520,-176.5651,-1.4393,1
-43.5373,95.0621,-40.2908,1
-33.2155,124.2875,22.6454,12
-57.4613,-114.8079,-97.8612,1
115.2724,1.2011,53.0670,1
52.3071,-107.1177,-94.1472,1
150.7508,-54.7963,-69.6575,12
-36.4985,8.3958,170.8018,12
29.4257,72.4719,-84.5368,12
-43.8939,55.7483,20.3507,1
29.7469,-19.6581,154.6688,12
88.5265,-93.6642,-95.1097,1
-25.8234,82.1146,59.4326,1
36.7121,126.0155,30.7754,1
13.4814,103.8894,89.9772,1
-122.9875,-75.5025,57.4320,1
149.9615,-41.7137,-74.7926,12
-166.1341,19.2901,42.1667,12
60.7522,-35.2565,-51.1610,12
160.3114,-18.0557,18.5229,1
-109.1084,-31.8915,88.3050,12
150.3151,-28.2202,53.2408,12
1.7868,53.4920,-65.6336,1
-2.5239,-109.2695,24.9930,1
122.1852,-8.3408,11.9002,1
24.5336,57.4592,-102.0403,1
-89.6708,81.9204,-99.4606,1
-87.5539,-119.3120,-38.3689,12
27.4382,134.1448,11.6320,1
-69.7629,9.9199,81.5830,12
-101.1410,-15.8804,144.7259,1
-124.3675,-30.1295,5.2245,1
42.9139,-164.2018,20.5939,12
-37.0798,-7.8404,88.8806,12
34.6667,141.9031,32.3363,1
-102.9704,-32.0287,19.9782,12
7.2362,93.0996,-136.5899,1
137.3417,41.4921,68.9292,1
-6.0872,-8.2727,-45.7518,1
141.4353,-76.0752,78.1780,1
-16.7349,-12.9798,146.8377,1
-29.5010,173.1940,-17.4415,1
82.3455,-55.0765,-142.9411,12
-100.0904,111.9685,64.1568,1
124.7522,-71.1273,81.6164,12
158.9736,33.6385,37.1084,1
-80.6637,-35.6665,-39.4110,1
-53.7700,15.3492,110.9976,1
125.1464,50.4678,-90.9055,1
44.8065,121.2104,-80.1402,1
-12.8891,-42.5331,-25.0163,1
120.7018,121.0679,49.9887,1
67.8984,-90.2231,140.1706,1
-7.2479,79.9983,39.7531,1
118.6054,20.2200,-69.5473,1
61.4033,-19.7214,-66.5195,1
111.4863,74.6037,1.0302,12
22.6666,118.4025,-107.3101,12
-13.1038,83.8877,-50.6597,12
-49.6210,92.7682,140.3134,1
51.0251,67.0763,-34.7549,1
-42.5543,63.9833,145.0274,1
-29.6615,161.2652,45.6256,12
67.1404,117.6923,46.5729,1
-91.3724,-127.4139,-62.4742,1
-32.7744,-18.4149,-169.4515,12
56.8428,20.6589,109.1551,12
-26.9875,70.3406,-140.9712,1
74.2962,18.8187,129.3191,1
99.0500,51.2031,12.2100,1
-52.6096,86.1396,-27.5282,1
-59.5101,162.9002,39.2199,1
33.2317,2.1055,-66.0617,12
-124.5451,30.8931,41.9365,12
32.1221,-150.3584,-65.5754,1
-6.7666,-168.3852,-17.0003,1
24.9023,-1.4550,-145.7390,12
-38.5074,-81.7904,-147.9966,12
-126.9696,-7.4595,-70.4884,1
118.9815,6.8444,16.6388,1
-7.4749,-110.1719,135.3120,1
84.9125,97.9848,67.9186,1
-112.5735,35.9018,-14.1154,12
3.8630,146.3793,-42.5650,1
-44.3136,16.3341,72.7084,12
-122.1519,32.1037,-34.8806,1
69.0997,0.2620,-72.5004,1
-117.1781,83.4657,-1.2197,1
-125.4753,-30.7038,-0.2840,1
-89.6261,-24.8396,80.5076,1
-37.8225,32.5795,-19.0692,1
14.5060,86.8147,-59.6555,1
-3.6295,50.3498,105.1850,12
-45.6252,81.3613,-108.9258,1
34.0803,-156.4996,-24.0145,1
106.1761,-35.1094,136.6628,12
33.4104,109.5197,88.4132,1
-87.6216,67.1988,-62.9920,1
16.1150,23.8520,-121.2316,1
-6.6268,-15.1526,-23.1238,12
123.0649,92.3850,32.8466,1
20.6595,-133.8739,40.8608,1
-58.2962,-20.7780,-27.1894,1
-93.5523,38.6394,106.4744,12
-53.0262,113.9603,-128.0408,12
26.4889,79.0696,36.2233,1
-135.5773,13.2146,-45.9766,12
-21.1255,146.9198,-42.9674,1
-57.4314,50.5611,-63.4679,12
-19.9087,-37.7547,-23.9988,1
-68.5475,-71.7707,48.4020,12
13.9160,116.3120,41.2619,1
-10.6012,3.8766,79.3119,12
15.8333,62.7487,108.6516,1
-56.3042,89.5558,52.5341,1
-8.3845,39.6776,-22.7480,1
-17.0244,-20.3442,-85.5758,1
91.2193,-17.9835,-103.1183,1
-62.8069,-77.7151,141.3334,1
55.6931,106.3351,18.4157,1
65.5119,-131.1770,98.3956,12
-97.0397,133.4562,-35.7861,12
-92.7631,133.4252,-33.3593,12
162.4282,12.9064,8.6197,1
90.5649,104.9754,103.0522,1
1.8933,16.1763,-20.9659,1
-69.3248,105.4074,35.1212,1
8.8071,-127.3118,113.3694,12
3.0679,-173.8360,-43.2250,12
90.4540,29.6633,135.6686,12
-129.2358,43.8821,-20.3218,1
55.4049,-44.9875,82.8516,1
60.0455,89.4747,16.8976,12
35.4478,23.7424,-29.4525,1
-1.4764,71.6095,-124.3292,1
75.5407,-6.2586,50.4227,1
-13.4389,-111.0736,-120.4997,1
-64.2083,-140.4296,80.7468,1
-106.8615,-130.7539,61.1670,1
-29.1428,-125.3036,-87.7002,1
-41.0748,-21.1524,-81.4638,1
-138.0247,-48.9947,-75.7022,1
-103.9357,125.6550,-40.6662,1
-18.1585,-13.9106,-116.4041,1
76.9271,71.6060,66.4028,12
30.5711,-146.7088,-59.5739,1
-28.4497,-83.8856,138.5136,1
20.2910,86.2051,51.6327,1
53.9320,-62.1426,23.2372,1
-54.8536,-103.1945,-108.0503,1
27.9105,-115.3811,-16.2984,1
-127.1676,108.8825,-11.1715,1
-26.2806,30.0400,-48.8137,1
-77.4789,-26.8066,83.7217,12
17.4754,66.1365,146.3887,12
12.5094,-8.6026,62.2597,1
4.3629,-60.2768,-77.4685,1
-115.7037,43.0618,-56.4178,1
-28.3657,-86.6467,-35.7767,1
5.0824,-127.5836,-58.4871,1
115.7622,59.0857,69.3245,12
-60.1997,-3.8531,14.0673,1
-6.0229,96.6733,44.2315,12
35.8697,64.1376,-107.6404,1
25.0928,-85.1585,31.9418,1
51.3453,-3.1285,-62.3104,1
-135.3809,-4.5812,-62.2018,12
101.6519,-18.5073,116.8554,1
-0.3535,-34.9321,70.2962,1
-22.5655,113.8517,112.6741,12
-9.4678,44.5386,63.1328,12
61.9351,-11.6450,-47.9448,1
79.8329,40.6718,-127.1332,1
108.2643,-138.8761,-35.6127,1
-143.1265,-67.1968,-6.9798,1
-53.6013,59.4664,32.4894,1
46.8392,92.7243,91.8261,1
37.7332,36.0601,-100.8802,12
26.9951,-18.9813,-112.9244,12
39.1472,-87.6175,127.3036,1
116.7163,47.8118,-64.9075,1
12.1480,-127.6913,-94.3260,1
-144.7807,-19.1052,16.9514,1
-7.2065,31.0487,-101.1944,1
106.3385,99.7019,-57.7470,12
64.9563,-97.2140,-125.7984,1
-4.6306,81.7450,-20.8910,1
33.4672,34.4303,-157.9667,1
-146.4065,-73.5601,-31.2736,1
-58.0677,-68.6123,-130.6651,1
19.8409,93.4994,122.1439,1
74.7342,-101.7669,69.6235,1
-126.9302,60.4343,59.8092,1
-113.3811,37.8358,40.6857,1
13.7499,177.8846,14.0639,1
-97.2458,-95.8654,90.5664,12
-102.6355,12.5584,-100.2996,1
81.4394,-18.3410,143.3002,1
-47.9796,-48.3678,-9.6096,1
-75.5637,161.7372,-15.5050,1
2.8739,-21.0876,91.6082,1
-132.6064,-11.5549,-82.6117,12
-54.6675,62.5099,42.4495,1
88.3268,-74.9549,44.6537,12
86.3730,6.1157,120.4678,1
58.3792,38.2302,66.1726,12
127.8021,-29.9361,69.6508,1
-62.6072,-86.6538,58.2699,1
-135.4374,46.9367,-105.9566,1
1.5489,55.1403,52.3619,1
-40.7377,153.0911,-67.8601,12
45.0911,-87.9591,82.3661,1
17.2856,-31.9887,50.2606,1
-47.8808,-163.1618,-2.7230,1
26.0966,78.6525,-14.1618,1
40.8145,15.2822,-26.4868,12
-11.5688,94.2555,-116.5560,12
122.8343,-65.4920,83.6208,1
-64.1831,122.9044,97.9660,1
-85.6051,-81.9375,-19.9779,1
-88.9736,-81.9068,61.9955,1
-81.7883,-102.2890,-79.2111,1
-93.4776,-46.8689,-74.9139,1
137.3109,110.4056,6.2119,1
129.3084,73.1095,-18.9697,1
-2.0232,-10.6548,121.3490,1
107.8002,-41.6563,-107.0904,12
-138.3193,19.5787,80.8717,12
62.2140,-162.1143,41.9722,12
43.2598,-109.3907,-57.0795,1
-151.6135,-72.7428,-30.5355,1
-40.0040,0.3444,-145.6842,1
8.7904,-65.5167,127.0464,1
-106.2864,-87.7392,-60.9384,1
112.3591,-134.6677,11.1497,12
98.8989,21.1154,-129.1834,1
-32.9277,-57.1373,-162.3851,1
-118.9208,97.5875,31.0610,1
110.9809,99.2773,-91.5161,1
-17.8234,52.3879,-64.9696,1
49.3540,61.0794,0.7484,1
25.4360,132.5050,-36.0748,1
92.2471,49.6765,-40.1602,12
93.8055,69.0000,-46.1917,1
125.1431,-44.1678,-1.1851,1
14.6162,83.5997,63.9748,1
110.2716,-27.5385,127.5955,1
-114.8338,-55.0986,70.9169,1
45.8776,87.1597,88.4890,1
-11.4385,-84.9365,-113.5742,1
7.2880,7.2927,32.5471,1
-8.4919,40.8908,98.5294,1
55.1925,147.3221,79.9548,1
-52.6631,-95.8952,14.9094,1
33.7733,-10.7285,44.0435,1
148.3332,-40.0145,-33.5641,12
-138.8851,-54.3807,-78.8632,1
47.6183,-117.5141,-47.7009,1
-80.9491,-137.5347,-6.9726,12
-140.2393,-74.8054,-33.8953,1
-101.6606,-3.3381,58.0997,12
-20.9323,-126.2032,96.8264,12
23.7398,-52.6949,31.5118,1
-4.1608,20.9768,-167.4559,12
-88.6080,-129.6075,-1.7201,1
-72.4068,-52.1893,54.0321,1
-22.2471,-100.3038,-70.6358,12
27.1130,48.8290,-2.1414,1
-26.2851,-26.9026,19.4640,1
1.0494,135.3015,-8.0259,12
-17.0128,77.3001,154.1814,1
-65.0460,-117.8310,7.0852,12
15.1881,-4.0186,141.5647,1
52.1963,109.8071,96.9704,1
-137.0866,-59.8658,-16.2310,1
7.3566,22.0606,-79.5931,1
59.2743,-116.9804,74.9149,1
114.2200,22.8462,25.7164,1
55.7445,3.3598,-16.2745,1
-44.8843,-25.1569,20.0160,1
-65.9036,94.9939,-59.6222,12
-144.3619,-72.8114,51.0054,12
-16.8385,36.2448,35.9242,12
128.7987,121.0141,26.5724,1
99.2706,25.3002,-66.8265,1
28.7031,-46.3164,95.5066,1
-95.4774,-99.6900,-43.1115,12
-13.4627,-59.8775,45.4383,1
-52.5527,-64.6989,-40.7517,1
47.8828,150.8536,34.2133,1
124.4557,86.3305,-5.5131,1
-95.8490,91.1430,8.9720,12
74.7485,123.8125,43.2838,1
-21.4612,-63.8435,101.5975,1
85.2284,91.9326,-86.2476,1
75.1015,-102.9516,-78.8878,1
89.7391,118.1936,50.4208,1
-56.6364,17.5753,-31.5282,12
69.8696,143.3918,-11.0370,1
-121.9254,-20.0533,-73.7137,1
-9.8194,-50.3244,167.8379,1
-160.4511,-47.9396,-29.5408,1
-123.3686,-22.4173,66.6818,1
107.1713,-1.1723,-111.4995,12
-21.3706,-56.2761,126.0435,1
-20.3643,99.7871,-113.3172,1
-104.7551,24.9467,55.0918,12
-107.1527,83.9852,-43.8738,1
49.8279,24.2983,7.0904,1
17.0014,146.2688,16.8105,1
55.5752,27.4672,125.7301,1
105.1923,-11.7125,34.2310,1
-81.0183,28.8021,-145.5685,1
142.5971,89.4483,9.3732,1
-54.8196,99.0141,84.7291,12
-135.3022,-85.0084,-79.8651,1
-111.2258,-70.1839,45.6741,1
-109.0415,89.9709,-7.3724,12
-2.4944,120.3433,105.0093,1
20.8799,-108.7899,110.8516,1
-20.3998,77.4174,-91.6457,1
-118.3143,-114.3322,-63.4205,1
4.7401,-56.8939,-164.4673,1
-0.5359,27.5829,-66.3709,1
12.1335,17.0641,94.0994,1
-109.0044,3.0339,115.7890,1
-101.7903,-65.9995,-74.4207,12
-81.9175,35.8025,25.5798,1
10.0586,-120.9451,50.8943,12
17.7764,-46.3067,-123.1076,1
80.8339,-0.3994,126.2988,12
-70.4668,-148.3361,19.8684,1
-19.1006,-116.1076,-50.0580,12
-56.0626,-112.9768,93.9928,1
-79.2550,-89.0577,-102.2278,12
15.5532,-145.0656,9.1908,12
135.6362,-55.7912,37.1287,1
82.0680,-53.1226,-0.8484,1
136.6599,-25.6759,-20.2032,12
126.1662,50.4369,-7.4166,1
45.4112,-141.2704,11.4992,12
94.0433,21.6475,-109.0702,1
-13.0086,-21.4165,3.7057,1
79.2403,-47.1278,110.7495,1
-40.6693,-125.9304,-50.1242,1
107.1149,36.9219,-13.9567,12
-121.6257,35.2506,-49.9437,1
-79.4519,12.3562,9.4509,1
58.6329,-21.7240,160.2554,1
89.6095,67.3129,-130.8994,1
-163.0378,-0.4483,63.7490,1
88.8174,-67.6118,123.1054,1
-132.3089,-78.0219,-76.8212,1
73.0435,-42.9267,129.1456,12
-68.6188,147.2666,11.3470,1
-80.7485,-5.4473,113.1149,1
-64.1417,-89.9906,108.7082,12
39.7337,43.4957,-41.2636,12
31.8120,54.9601,-135.1706,1
27.9432,39.6241,115.5262,1
-30.2442,-1.8174,70.1346,1
-106.2450,-62.8189,-59.7139,1
-83.6525,48.0851,135.6659,12
61.3710,87.7028,-131.8626,12
-15.3239,-47.5202,-73.9824,1
-58.9434,23.4842,-36.6917,12
94.8072,79.0767,44.6153,12
-72.8811,95.5703,52.5915,1
128.9963,106.3628,34.5892,12
144.8984,31.5588,-27.0967,1
-162.1239,25.6063,27.1609,1
-77.9085,11.7021,58.2029,12
-14.0862,62.3464,-20.8360,12
44.7386,121.8035,120.5355,1
33.7736,12.3552,34.5530,1
-125.1966,-33.0300,-92.8537,12
41.9578,121.8610,-36.1959,12
5.6169,134.8728,-6.0922,12
108.1053,81.2753,114.7816,1
-132.3327,70.7608,49.0229,12
-115.9478,121.1431,-6.3497,1
-105.1997,-8.7241,59.4211,1
-32.1181,29.6980,-7.8919,1
106.7721,-7.4566,60.3383,12
124.6585,43.4038,104.1293,1
2.6404,26.5139,110.0730,1
-21.6596,22.0940,-103.5824,12
-10.3496,109.7753,62.9952,12
-130.6957,15.9859,-28.8428,1
97.3250,81.3378,-108.7048,12
81.2854,-37.0569,35.3247,1
-23.1761,66.6270,118.5646,12
144.4660,31.8331,47.6665,12
-31.1341,-31.6905,104.4839,1
-17.4151,38.5789,127.5775,1
31.6860,-61.7185,-60.4520,1
-81.0052,-61.3082,-50.2286,1
61.8052,-118.1694,-66.7106,1
-113.6556,-60.9719,-13.6220,12
10.6642,135.8664,-12.7937,1
100.3520,-123.5275,67.7856,12
-15.3614,52.0256,61.7557,1
83.2272,-123.0598,40.6660,1
100.7360,-75.1760,71.9378,12
65.7637,11.0983,-71.3147,1
-76.6300,-21.6654,103.7762,1
-9.8895,-55.2768,80.6224,12
41.6605,66.3890,-80.1220,1
-135.4187,63.2690,21.5608,1
-156.1165,13.9691,-51.8877,12
117.6902,94.3917,57.1236,12
-60.3725,47.4254,-108.3534,1
-48.4102,-86.5129,-134.6158,12
-143.1854,28.2406,-64.4217,1
44.7447,-81.2185,-30.3197,1
-112.8605,33.7638,-85.2839,1
88.6325,13.2354,108.2867,1
-141.4058,0.4105,-50.5169,1
-3.1614,-80.7494,74.4228,1
-72.0768,97.6933,31.3038,1
-31.6519,18.0401,-118.4653,1
-115.4887,-114.1324,74.1860,1
-19.8313,5.2210,-11.5032,12
60.9766,119.9489,76.8193,12
84.9279,-80.2679,-95.7808,1
91.2591,-73.5794,-39.1111,1
91.3262,33.8964,-103.1282,12
59.4604,22.3868,-160.8127,1
68.3772,70.3128,-67.5405,1
42.2243,77.1612,-110.1239,12
-31.5879,65.6008,57.0567,1
-21.2221,-130.9547,-93.9443,1
17.6299,-37.4929,64.7880,1
-3.6985,-38.6174,-88.9784,12
5.6948,118.2863,-47.8477,1
-38.9470,-102.9051,-89.4644,1
-105.5663,100.1277,-44.9833,12
3.3668,4.5950,27.9089,1
-34.6191,-6.5131,165.5109,12
107.0207,120.2366,-8.7060,1
-62.9619,-27.1229,-108.2984,1
-82.2708,105.1900,43.6414,1
-50.2080,-62.7601,-90.8612,1
-130.4839,45.7379,113.2906,12
-8.0649,59.5348,-121.8927,1
29.8281,58.2145,20.2373,1
-77.5515,-47.2857,-136.4908,1
-56.5125,-106.5811,13.8434,1
-69.6220,59.9327,95.4588,1
28.4317,-118.7229,-125.8405,1
9.7289,-63.1690,26.1131,1
137.5033,-13.4598,26.4286,12
-54.1218,132.3221,-96.5630,1
-7.7584,135.3890,-56.5946,1
-40.4959,93.5350,-76.3345,12
78.2232,47.3733,122.0652,1
49.9578,147.6779,62.8781,12
65.6887,88.1094,22.0902,1
168.9912,-59.1662,-11.9374,12
127.0155,4.8870,-109.0650,12
-22.7698,-3.1142,-54.5555,1
-88.1142,-40.5838,-96.5129,1
98.5685,-69.0468,74.6227,1
-84.8459,5.3668,88.3378,1
-46.6977,121.8558,122.7877,1
73.2563,-30.4172,135.1710,12
-155.5938,13.3194,73.3251,12
54.9495,-39.6748,58.9288,12
-79.8695,-83.2984,90.5686,1
-13.5131,-28.8117,-137.1834,1
112.1765,-94.9893,-67.5838,12
16.0426,-10.1456,-130.8674,1
-69.9393,-31.9504,155.5245,1
-108.7247,-130.2648,27.7611,1
-42.3973,-73.4563,37.8311,1
-18.3305,-4.2245,124.3713,1
3.7518,-32.0865,-111.5955,12
-112.3375,-42.6173,-44.5309,1
-151.5983,-48.2660,-42.2299,1
-71.4989,-27.1809,-68.2599,1
-56.3510,36.8640,19.4445,1
-127.9988,-72.1945,-8.4065,1
-164.3084,-16.9061,-17.5120,1
19.3434,-81.6389,-5.1560,1
36.0446,-164.1655,21.9240,1
86.3798,-41.0512,20.8326,12
-1.9722,67.8476,24.6126,1
-22.7054,-142.7752,36.2901,1
-17.8418,113.6020,115.7410,12
15.3057,4.1683,-13.0721,12
74.7684,-1.0293,97.0019,1
-11.3705,-60.8878,-67.6531,1
-78.3691,67.4882,-104.2115,1
-3.6997,-77.0675,146.2718,1
8.7668,-147.6702,20.0762,12
108.7523,30.0063,22.3257,1
-94.8370,60.3993,10.1001,12
130.0492,-37.4498,-78.2030,1
120.3842,-97.8085,-68.3225,1
13.1888,-147.5128,-6.7978,1
88.6882,-75.6902,-103.3602,1
-41.5020,119.4155,-53.8781,1
-134.7234,74.0378,-14.2708,1
11.7758,176.7385,-17.8907,1
-123.9162,60.8803,94.9192,1
5.7187,29.4903,20.1573,1
34.5950,105.5071,-94.8053,1
-22.0235,55.8145,130.8219,1
-77.8977,5.0122,-14.0788,1
-89.1544,126.9136,66.5294,1
101.3277,87.0451,24.5465,12
-87.5452,-132.5534,17.2607,1
0.3594,-114.8004,3.2278,1
-39.1432,28.5027,170.0566,1
21.6935,88.4299,85.6809,1
134.2524,-26.9504,-78.2564,1
-37.0683,-95.2339,76.7633,12
5.0717,-81.3851,30.5404,1
-44.6018,-23.9110,15.0621,1
-134.7995,63.4190,-86.9398,12
-138.6146,34.4609,46.1044,1
-45.6308,37.6864,-139.0012,1
27.0372,77.8477,-44.2575,12
-71.0900,-35.4813,92.5317,1
-136.7745,-11.6063,-85.7983,1
-78.3217,-77.7960,70.5827,1
-29.3291,132.3572,-40.0199,12
81.9629,50.2022,-49.2274,1
57.6152,42.0647,-15.3055,1
-38.4729,138.8743,10.3323,1
70.0120,60.9145,139.0376,1
-15.5306,-32.2582,48.3664,12
-41.5755,84.2292,-7.3572,1
-98.7432,105.1814,95.7622,12
87.6811,-60.0463,126.8073,12
-121.0372,-111.0035,23.6798,1
120.1737,-103.3936,-70.3906,12
-31.0221,114.9616,-118.1183,1
-116.7587,-28.5919,-18.3127,1
-120.8832,-73.1720,-51.0801,1
100.9763,58.1878,135.3905,1
-47.4056,-92.6917,59.9305,12
-57.5349,-121.4615,-66.3051,1
1.2944,-160.9508,-35.3865,1
120.1449,-56.4807,77.0255,1
146.2490,33.9966,2.8014,1
-0.4646,132.5749,18.4655,12
76.1103,121.6314,-50.0799,1
43.3794,-96.5872,21.2660,1
74.2619,19.4566,-79.2242,1
-9.8094,76.5895,33.7750,1
56.5038,-15.9857,-144.9382,12
-106.7268,-45.5817,57.6060,1
74.7627,-144.5534,-59.2332,1
5.4550,69.3346,-51.8640,1
-15.3897,44.8259,20.7886,1
-78.9031,-76.8935,-27.9654,1
-103.9284,-6.9351,72.4914,1
-10.7242,25.2635,-155.5205,12
-81.2691,63.7232,51.8740,12
101.6078,53.8832,130.7451,1
-80.0246,59.9570,-126.6179,1
45.6979,170.3736,-30.9805,1
66.7883,-22.5960,-163.4134,12
-57.5751,149.3658,50.2146,1
55.2222,-20.6403,-162.5132,1
93.6412,-4.5033,-83.0002,12
-92.6050,-88.5684,-35.5891,1
5.2120,-59.0862,-157.2580,1
-49.6718,130.5403,9.9454,1
93.0256,-93.6183,7.4711,12
-5.1093,65.3977,45.5781,12
-97.3632,-27.3039,68.6693,1
-48.8507,-100.4692,-6.7782,12
121.1157,8.4668,-50.4591,1
137.4428,30.1526,-76.1966,1
-66.5116,-67.2952,135.6259,1
28.1619,-130.0740,41.2521,1
-66.9519,-22.7227,72.8835,12
-80.9721,-35.6908,-22.3862,12
-68.1587,65.6104,-31.2647,1
1.7709,-18.4657,84.3295,1
43.1913,120.3819,-113.6218,12
-35.6266,96.5076,61.0831,12
90.3836,25.4383,-108.2194,1
38.2785,-35.1720,70.0433,1
-102.7450,-132.4683,-37.6763,12
28.7067,37.3752,-24.2669,12
26.0836,18.1259,-86.1635,12
-53.1936,76.6248,82.6083,1
-116.5908,-16.1180,-119.7104,1
-102.6588,-43.4822,50.2703,1
-58.4256,-16.0694,-101.9463,12
-10.6404,-79.4911,-0.6345,1
124.2938,-5.0979,-31.4417,12
96.9255,-62.3048,109.9869,1
8.6591,-39.5187,163.7473,1
-115.7739,62.8567,-101.1593,1
-79.0375,142.9245,-13.2693,1
-9.1001,53.1595,17.3828,1
128.6206,77.3016,56.2709,1
-65.3102,107.3462,-49.7501,1
64.7279,13.2501,90.6839,1
99.0189,-105.7118,97.1044,1
-80.7790,121.9691,53.8822,1
-55.1797,-30.0073,156.8671,1
37.0382,44.1585,-44.7579,12
6.7373,31.4958,90.6420,12
-32.5448,-11.2071,171.2662,1
-53.6824,-42.6197,161.4925,1
96.0752,85.2928,8.2524,12
-151.8080,7.3898,-12.3368,1
-69.5985,-6.8700,-5.4361,1
85.3568,-42.7936,115.8266,1
-14.0818,46.6860,75.9288,1
-67.4435,102.5952,70.5184,1
57.8682,-10.4085,8.7349,12
42.7769,23.7093,157.0229,1
113.9835,-25.6086,-59.5708,1
-90.3478,142.8868,47.9419,12
6.4038,-75.9373,-14.0671,1
-30.0826,172.6121,6.1463,12
45.1976,-16.4861,31.0656,12
-26.6565,105.4788,136.0088,1
-80.4303,77.1197,109.0031,1
128.6322,15.7901,78.0714,1
36.5120,-31.9249,-93.8039,12
-163.6472,61.7736,6.9562,1
48.7399,-26.3468,38.0505,1
-163.3327,-39.1438,-25.5414,1
65.6970,139.9783,-90.8076,1
-34.1961,-14.0701,-122.3444,1
76.4681,-3.6470,137.5720,1
-89.6002,-14.0188,-145.2009,1
-125.9831,-38.7620,66.4742,12
-21.7141,39.1514,13.7777,1
-33.1191,-42.4848,99.3088,1
-47.5911,-23.8563,143.2204,12
96.5972,10.1133,-4.8132,1
54.1979,33.5912,39.3015,12
-140.2940,64.6164,91.2342,12
2.3910,3.1762,-7.5945,12
-0.6944,-51.2633,15.3148,1
-34.3007,14.0686,70.9634,1
127.6479,-12.0454,95.9292,12
-19.8095,23.0733,17.6955,1
-4.6930,-140.6834,-65.8663,1
16.5592,-6.0189,-171.1016,1
-3.6777,98.3777,-143.4581,12
-60.7382,-59.2302,2.7942,1
58.3907,92.9110,24.9146,12
-32.8689,-86.1555,39.2208,12
-92.0737,-107.8539,-72.3394,1
132.1921,64.8112,-13.8756,1
-2.5299,61.7965,54.2746,1
-96.4426,-48.5224,-109.1134,12
-60.2162,155.7673,-12.4248,1
-31.6160,-74.3625,-115.3448,1
118.1842,-72.3808,-44.1338,12
73.2234,107.3513,-29.6201,1
23.4086,55.1452,36.3693,12
-50.1943,120.5526,-78.3484,1
-26.6633,59.3691,-134.5077,12
-119.1727,-43.6227,84.8537,1
125.2352,83.5121,-37.8936,12
132.2484,-33.0583,-83.0803,12
-115.5893,-110.6611,-81.1750,1
38.1369,31.1762,48.2041,1
-166.0239,1.2997,-34.7296,1
-156.6089,-38.7155,25.6237,1
-40.4642,-77.6189,-41.1785,1
25.3645,-40.2632,-39.0349,1
-37.2697,52.5874,18.7636,1
-83.4959,-92.9874,45.8569,1
10.8859,-83.3376,-103.5167,12
-33.0300,20.3798,21.0166,1
106.8213,-74.2907,-100.9046,1
-41.7652,-141.2508,53.5017,1
83.3325,-52.6309,-83.9210,1
139.3100,-91.9291,59.8572,1
-85.9834,109.1341,-33.2903,1
-85.3597,22.9952,42.1738,1
-32.0185,119.3876,95.2207,1
73.2927,-7.1621,115.0612,1
20.7289,124.5574,-53.4062,1
-20.8495,4.2799,140.0425,1
-37.1006,-88.4251,127.8974,1
-45.3748,104.5355,-10.7812,1
-73.5168,-92.5008,37.6752,12
-4.8301,-82.3088,124.8524,1
37.7954,43.1042,144.0887,1
82.3570,73.5651,-0.8851,12
10.1917,95.4753,-84.6838,1
109.5262,101.6003,-61.4806,1
-139.2986,29.6790,-26.5957,12
40.2616,-141.2201,69.7701,1
80.3698,-44.2695,-48.2421,12
120.0861,51.5153,10.9389,12
125.0984,-37.9680,-70.0529,12
129.1863,-29.3690,46.5769,1
-38.9310,-127.6853,58.9239,12
66.8563,-57.8053,148.8762,1
169.3057,-57.7779,-15.2469,12
84.2294,53.6879,-102.7964,12
12.0794,17.0555,-132.7324,1
2.1681,25.6305,-132.4562,1
-34.2744,112.9032,-108.2512,12
-121.2504,-105.2745,-11.3361,1
92.6727,108.9052,-106.4601,1
-135.7129,-33.7502,107.5932,1
-20.4334,15.3199,-42.3759,1
-137.0383,-92.4689,19.3456,12
31.3367,-108.4244,-132.9583,1
36.3856,-41.2332,-47.9436,1
81.0229,-39.4193,-154.1232,1
36.0042,105.2135,-14.1337,1
36.4948,17.9938,116.6635,1
-53.9435,-14.1073,21.9756,1
46.5081,168.7546,-10.3998,1
28.2954,26.6194,46.9801,12
85.9240,40.8207,80.0883,1
122.3204,-34.5687,-98.0764,1
139.5684,-95.2390,57.4364,12
163.8574,36.1503,42.0422,1
169.3455,-35.3411,16.5173,1
82.2219,56.6991,24.1617,1
-146.5906,-29.1964,29.0359,1
44.7073,-53.8550,59.4085,12
-28.6871,118.2507,17.0586,1
-55.4018,-79.9259,47.1804,1
94.6329,64.4207,126.4699,1
-125.1514,8.3662,56.7279,12
141.8652,28.1654,-73.7052,12
-54.9221,130.6081,-32.1136,1
-15.9963,-101.9908,-51.3947,12
-128.8147,-71.6833,40.4601,1
29.9854,70.3876,27.5115,1
-9.9574,-5.1074,171.9718,12
27.6209,-84.3417,-4.0090,12
39.6204,57.0015,-163.6679,12
-27.1327,81.5227,-107.8582,1
-73.1571,-91.0699,134.1285,1
-66.5967,-59.8310,-80.1865,12
93.9186,29.8389,2.8882,1
14.2845,98.9730,9.5449,1
124.0405,-51.3792,-82.3419,1
-57.1788,47.2802,106.5504,1
-6.8321,100.6710,101.6032,1
112.6561,-20.3489,-67.2459,1
98.2668,-102.7983,77.8070,12
-61.6189,52.5327,79.8271,1
95.9743,104.2058,77.4612,1
-2.5656,-131.3226,-53.9327,1
24.8277,74.1922,-144.2378,1
139.2073,7.8394,87.8453,1
-46.6041,82.5936,-51.9192,1
119.5009,-30.1894,85.3751,1
-6.8697,33.6706,54.6484,1
138.2860,49.8834,-100.8684,12
84.8456,75.0668,-98.5239,1
-9.8564,-118.8471,16.4443,1
-50.7290,-106.1403,-126.2678,12
117.9337,-93.1183,44.3187,1
-63.2330,17.6991,-15.7991,12
118.1034,-66.2703,110.5931,1
-13.5133,-64.0427,78.3447,1
113.4807,-82.3802,58.1152,12
-116.4425,-73.5533,6.5808,1
48.1127,-70.2916,-54.2421,12
-62.6757,-71.1629,28.2366,12
-38.7348,-54.3826,28.1417,1
30.9504,35.1275,93.0987,1
-125.3797,-49.2143,-104.9447,1
137.8624,-30.5780,-64.9197,1
43.5975,19.9259,159.7601,1
151.2604,-27.5642,-52.0359,1
-49.6117,-24.5978,169.7846,1
18.8191,-71.1086,136.8218,1
-15.2887,-171.2817,-23.3768,12
-13.5419,85.9012,99.4939,12
78.0911,148.1204,-57.5285,1
-165.0263,-26.3997,6.9812,1
96.5764,-53.3438,87.9976,1
68.9657,-82.8582,103.7712,1
-54.5608,-116.4532,-18.7352,12
130.2745,94.4658,66.4449,1
1.8609,-78.5981,15.2074,1
-115.4481,-17.0317,-13.2012,12
-52.6116,-80.6126,-149.4639,1
172.9362,31.3370,21.8525,1
113.8093,99.7531,-15.9220,1
-100.3428,78.5525,103.2183,1
-18.8671,88.0760,-68.6143,1
36.6033,-139.3165,19.5631,1
59.0781,-93.3187,-75.5514,1
-58.7950,-132.8416,78.9426,1
99.0358,-38.2667,28.4820,1
-38.6622,-139.9953,-33.1401,1
39.1193,-142.8486,-26.9114,12
81.5906,-118.0348,56.8764,1
-26.6242,10.4519,176.7507,12
26.2472,-163.5165,33.5898,1
5.2757,-1.2935,-173.7564,1
21.9697,74.4271,-88.6804,1
43.5276,77.2076,44.5910,1
78.6435,-125.6911,-56.1894,1
104.7854,-133.5489,27.9024,1
67.0686,6.4294,5.6131,1
-24.3007,-51.8613,158.9851,1
104.5396,77.6474,-16.1323,1
-2.9081,42.8176,33.9278,1
-89.9727,4.1431,-10.0736,1
-137.6281,10.6735,24.3969,1
-31.5636,-50.3638,123.9694,1
-67.7499,-9.4899,-114.1428,1
-57.8935,61.1478,48.5518,1
-62.1517,-11.7337,-53.1974,12
-80.8539,94.5735,-87.3192,1
-109.4466,65.8740,-62.2492,12
23.1095,53.8150,24.3007,1
159.4995,-0.2983,35.2156,12
60.3512,-75.3569,-52.6753,1
-29.9755,46.0915,91.9468,1
-143.2916,35.1748,-54.4374,1
-99.0624,-30.6241,1.5484,1
-59.5873,35.4108,-145.5370,12
20.3514,158.0706,39.1364,1
-42.6426,-110.5893,-38.7928,1
-31.3646,-114.7343,19.5180,1
84.6706,-74.2006,14.7562,1
75.1755,110.1217,-100.2445,1
95.6857,28.9944,12.1551,12
119.5794,-4.2848,-123.5875,1
123.1426,-37.2219,-8.0053,1
-42.1637,5.8067,59.7413,1
176.8652,-7.5523,-25.8156,1
72.0497,55.6088,103.4234,1
-40.9224,76.1751,32.2153,1
58.1256,-37.5357,158.2264,1
127.9690,-39.0683,97.7665,1
-52.2171,128.6471,44.8656,1
-64.3475,-145.6526,-24.4536,12
69.9084,-60.2578,9.8925,12
-91.3147,-10.5197,117.7426,1
-24.1750,63.1543,43.4046,1
-42.4777,116.4205,4.9331,12
-52.7310,81.4950,83.6473,12
34.8467,130.6659,-43.3071,1
54.5204,-68.3690,86.8741,1
62.4887,91.2422,-79.3084,1
-41.4015,79.3525,-90.5242,1
2.7457,26.5128,48.3106,12
125.5620,73.8193,-91.7157,12
-7.6121,-126.2613,38.8156,12
57.0753,23.4230,18.8995,1
18.1500,-40.1976,174.3796,1
83.5331,-23.8955,-19.5872,12
-80.3122,139.6661,-30.3362,1
-34.0355,167.7122,-22.3098,12
97.0545,-82.0375,-17.9002,1
-24.2887,157.6726,-53.6805,12
167.3862,-50.7126,-25.2342,1
68.4232,-68.7626,3.8421,1
-88.4256,14.3105,134.9302,1
30.2803,118.7171,82.3207,1
-121.3454,81.6806,-57.2877,12
-119.4148,-48.9584,62.5991,1
-89.5367,19.5966,57.8145,12
10.5518,-27.1176,37.8652,1
32.3938,150.2777,-54.7363,12
121.1021,-63.3389,98.4867,1
-137.7021,65.0138,72.2049,1
-86.7167,148.3532,-26.7430,12
-155.1101,36.5690,73.9215,1
85.5398,78.7320,51.6397,12
-74.3179,-30.5370,-148.7163,1
-152.6850,84.7391,23.6412,1
-82.4302,38.4879,28.5548,1
71.6358,27.6013,-117.3317,1
80.5195,53.5816,99.0052,1
40.6515,-126.8670,108.4446,12
97.2801,80.2475,-20.5084,1
-10.7328,-86.9930,-50.1944,1
-0.4128,-81.9176,-51.6145,1
-27.6586,103.8049,139.4344,1
36.6975,58.7482,133.2592,1
40.9269,6.0779,-8.3802,1
21.8576,-142.7155,-17.7282,1
84.8017,112.1175,88.2713,1
21.8717,101.7288,118.4666,12
94.7273,-82.0197,-60.8079,1
21.1698,-103.5058,112.0265,12
106.6826,-20.7494,103.8994,1
-81.6363,17.0186,3.6262,12
36.1052,86.1567,-149.5857,1
-7.2392,83.8593,-35.1297,1
75.4553,15.0384,89.7694,1
21.8776,-73.8323,-51.3283,1
76.3090,97.0992,75.3640,1
-7.5553,68.3188,145.3044,12
-48.8349,51.7615,-84.9099,12
68.1438,-13.7785,40.3265,1
70.1320,-140.5382,8.3824,1
-50.6187,27.9666,-105.1109,1
69.4479,77.0109,-18.0061,12
104.2051,-43.2973,-21.7756,1
10.3433,-41.0316,-138.5329,1
134.9800,17.7828,-76.3944,1
-14.6243,-89.7638,63.0901,1
-140.5621,21.7839,37.6247,1
-41.2426,-61.9230,-110.9969,1
-20.0792,7.6939,4.2305,1
-152.2012,37.8824,-69.7537,1
-53.4109,-26.2843,128.4419,1
30.5369,-119.5752,91.1839,1
-92.5190,79.5699,76.3726,1
-158.1138,13.5324,-36.7504,12
-13.6882,154.7723,40.0438,1
-0.1423,-39.4292,31.6606,1
-14.4843,164.9735,6.7771,1
-23.1066,-87.9436,25.6893,12
-65.6409,79.3024,100.5979,12
-84.2226,-103.2728,-97.5708,1
-104.8421,-14.5785,-121.6256,1
-77.2742,5.4884,-56.5421,1
-77.9565,-13.0313,-92.3503,1
30.6993,105.7131,86.8705,12
99.3108,127.5142,-11.4353,12
-30.4183,-62.7716,57.2951,12
-102.7224,63.7703,-56.7415,1
-1.9298,26.2759,-136.4776,12
52.8712,-46.7710,-67.2313,1
-74.6870,11.8778,136.6497,1
107.7430,33.5119,-44.9409,12
-29.7757,7.3435,-170.5692,1
-24.3668,-5.4926,-166.6691,12
-17.7862,-62.4657,105.2935,1
19.6256,-58.4698,11.3519,1
-65.2420,44.8499,-28.3461,12
-19.5530,144.2210,-90.2789,12
-39.1740,-102.9779,112.6543,1
153.2865,2.3876,-48.6602,1
24.7002,-37.4193,82.3796,12
60.8800,145.0285,82.8509,12
-39.5534,-103.7803,-59.2465,1
-7.3530,129.3862,-71.8638,1
79.9298,-118.3067,-72.5921,1
-12.9227,155.3798,-20.5344,1
72.9877,-29.4086,-34.0089,1
66.2417,39.8387,-109.1644,1
100.5224,6.7313,-109.1218,1
-26.0918,-60.9467,-37.3959,12
-49.8402,-16.5815,43.0883,1
-114.1864,-35.1782,-8.7322,12
-17.8770,24.6889,23.9764,1
-20.9571,108.8166,130.4744,12
-8.2224,-87.8444,117.1850,1
-62.9511,60.2181,131.5748,1
56.8565,136.6286,-26.0286,1
15.2340,136.8687,-54.9278,12
-96.6972,1.0369,31.5773,1
2.2767,-7.3822,9.7738,1
-4.1856,-136.1532,-40.7496,1
26.6057,47.1747,116.9745,12
-84.5969,-111.7206,37.2289,12
-169.5718,-17.5560,-34.5267,1
124.1425,66.1031,96.0744,1
-60.3767,-116.2403,25.7088,12
35.1741,165.6276,-19.3810,12
-119.7183,-23.8700,87.5253,12
-47.2181,-121.7774,-40.6861,12
41.6378,-61.4291,-60.8288,12
43.4826,134.2599,-15.0478,1
21.6119,-16.7669,-10.3177,1
-123.7808,40.3281,-52.1813,1
89.8711,137.6148,-27.1790,1
52.8373,-65.7562,93.3540,1
-140.6194,-57.3550,-92.7345,1
3.0852,-35.8981,32.5001,1
13.9683,171.1060,32.7740,1
39.4287,103.4309,-57.9119,12
-46.9366,-21.5519,-167.2209,12
35.5410,-80.4460,116.6461,1
-75.9163,1.4545,-150.5304,1
-159.7931,48.3044,43.9760,1
-78.9916,61.4211,33.1669,1
88.4825,-32.7014,-7.1540,1
39.1644,2.6269,157.2246,1
75.1635,-12.2691,108.9616,12
-9.8603,-42.6566,23.2085,12
67.1513,-10.1309,73.9194,1
-136.2097,-55.3211,3.1481,12
80.2878,50.4210,77.5621,1
25.6158,-148.6438,-47.4417,1
-28.1174,26.7688,61.5944,1
-84.9330,-58.8106,-8.7653,12
119.2349,42.0750,-57.7383,1
12.6411,-96.9806,107.5559,12
128.8817,94.5974,-59.2074,1
-3.4084,-58.8481,123.6094,12
-28.5142,41.8265,75.0279,1
-41.8534,42.9657,48.4446,1
-62.3373,-41.9564,-82.5490,1
102.7955,97.0609,67.2078,12
65.1484,64.1055,38.1015,12
-27.1763,143.1849,99.9550,1
46.8692,91.7397,-43.0696,12
-160.0774,11.4383,62.0035,1
33.1223,164.4053,-49.2988,1
123.3899,-37.3265,-23.0864,12
-34.5669,114.9835,132.7230,1
-30.8011,-135.0097,-82.7764,12
75.2623,132.9732,-72.1778,1
-21.8322,13.3820,39.8970,12
-48.3370,-115.8130,90.7461,1
32.3479,18.2068,-64.1322,1
111.7101,-8.0342,-81.6336,1
29.2369,-131.6704,87.9046,1
13.0453,-5.2846,36.4749,1
-31.6590,108.4063,-86.3578,1
71.0061,-118.7319,46.1652,1
22.1844,-17.6140,-19.0669,1
-61.4887,10.9037,64.1126,1
46.2468,166.6579,-25.8070,1
-93.4529,27.4148,-137.5235,12
-41.8221,-19.9853,-131.1405,1
90.7336,45.1848,-133.5138,1
110.2722,-47.0070,-56.8522,1
2.4015,-10.5177,42.0703,1
-37.3221,-61.4180,-38.6984,12
6.0587,-94.0207,-49.0360,1
-58.4553,-105.0570,-14.5161,1
-108.4088,71.1062,-39.8403,1
-67.4922,-57.9105,54.5847,1
-116.3951,87.2512,23.4662,1
-88.4097,14.8768,-124.7037,1
77.5848,-117.7568,-12.9301,12
-130.9050,56.4891,-80.2881,12
-87.1498,65.2746,-123.1657,1
143.9070,-30.1513,-8.2240,1
-15.7407,-149.8443,-28.4193,1
-83.6457,30.8070,-118.7680,12
-89.5463,27.4076,140.4801,12
126.7592,-36.7366,-61.9980,1
54.2157,33.2945,-156.9900,1
133.4126,69.4148,47.0857,12
1.4665,-49.1909,87.7531,1
-35.4531,7.2963,96.5351,1
96.4074,67.7136,55.8858,12
-26.5576,-53.2377,59.9797,1
-10.9775,-117.3785,57.4707,12
-74.6539,83.2428,47.8465,12
-94.8738,-83.9670,-105.8949,12
86.7540,-120.6293,4.8190,1
122.9090,-10.6384,-37.4418,12
22.6115,4.6131,-62.4149,12
24.8487,-42.3968,44.2093,12
68.1823,-53.0060,99.9178,12
-45.1007,61.4453,-64.4540,1
22.2724,12.4085,-175.7292,1
118.8865,19.1340,-102.0028,1
-16.4189,85.2969,121.0341,12
78.1729,-158.5198,-17.8085,12
105.3831,34.4020,-9.7142,1
54.8705,-116.9611,-43.7143,1
0.6661,-41.9021,142.1692,1
-51.0383,90.1492,66.3575,12
78.7765,-86.4366,2.9470,1
67.8676,102.6820,-20.5455,1
-102.0235,100.0864,8.6521,12
43.7875,110.5361,-75.9528,1
108.0104,-58.8740,66.0781,1
-33.3349,-11.6451,-85.9322,1
-32.4500,113.0860,-106.4108,1
35.7354,4.9113,-152.5230,12
-112.0073,14.1896,-117.6672,1
-71.0136,79.6345,-106.1221,1
-29.3051,-174.0900,-7.0734,12
168.8612,6.8378,23.2479,1
57.8402,-0.5414,108.6838,1
49.6754,49.4104,-110.2046,1
83.0058,-81.1432,-61.3386,1
-36.8088,94.9892,48.9698,1
80.2236,31.1595,130.5376,1
-4.1446,126.2782,92.6295,12
87.0615,77.3438,83.4778,12
85.0552,-11.0188,-152.1887,1
-69.7424,37.1501,84.2594,12
15.7348,94.9741,-76.5114,12
-23.9744,51.3458,55.1950,12
47.4560,94.7973,-121.4805,12
-23.4214,-33.3623,52.9999,12
92.6302,-45.8220,29.1869,12
52.0865,-107.6739,16.3153,1
72.2775,-75.1433,80.9685,1
8.2365,-22.6893,-157.3143,12
121.3003,-56.6797,-98.0855,1
-45.6833,32.9326,-142.1014,1
42.8334,-93.2732,-9.3811,1
-50.8003,141.1874,81.6093,1
7.1214,111.6470,-92.6994,1
147.7062,24.5325,71.1616,12
-157.3916,-45.8592,10.0894,1
-39.1999,116.6878,-60.5733,1
43.2895,97.6113,135.8658,1
109.9958,85.8679,-86.1430,1
-9.6113,-77.0976,-36.6134,12
-47.7053,-22.5001,164.0085,1
62.5662,-115.9323,119.7335,1
10.3215,-53.4163,-58.1423,12
-53.0941,143.0392,30.4654,1
93.4771,-133.8918,1.6205,12
-125.9652,38.6582,81.9684,1
-75.4851,-89.2607,-107.6732,1
3.1586,68.5708,11.6005,12
33.9906,16.4097,-169.4296,1
76.9025,48.3324,108.3339,1
102.7571,10.4729,-59.8200,1
4.3277,2.0591,-95.5630,1
-130.2232,46.8888,-15.6273,1
10.9976,-109.9714,-71.7614,1
-16.7350,-121.9727,-108.7085,1
-121.4804,48.4962,1.5871,1
64.2652,18.2720,-123.1785,1
127.9668,57.3624,51.2073,1
-14.7908,33.4477,120.2882,1
-12.2236,-1.6606,-122.4586,12
59.9173,51.9895,94.5542,1
-157.3277,22.4103,-6.8240,12
-108.2013,-59.3119,-62.7372,1
-81.1834,121.0800,32.9627,12
116.8087,118.9130,-65.0936,1
-37.4761,-93.3050,46.0186,1
-50.8702,33.4383,40.8888,1
13.3305,-100.8469,44.4253,12
-24.9942,124.8670,-96.8416,12
49.4576,-136.9376,75.2453,1
36.2635,76.8656,-58.9100,1
83.3155,-42.5539,-91.4092,1
-107.2338,-60.5658,-56.5921,12
133.7209,3.8615,8.8721,12
85.2058,108.6280,-81.5674,1
-22.1598,167.9235,-55.6925,12
-26.6988,-81.1993,66.1259,12
38.0533,-103.9215,-86.6046,1
-31.6790,117.4854,-72.0379,12
94.8005,1.4254,-35.8886,12
-79.3343,61.9588,-103.5374,1
-20.1795,45.4011,-97.4239,12
10.0916,-118.4914,91.4888,12
-61.3572,38.9377,97.5656,1
120.6285,-19.3744,-7.5866,1
57.5253,-140.1968,-160.1147,8
-100.7039,-147.4561,-147.5850,8
161.9479,-86.0213,-109.8745,8
135.3708,24.6148,-155.8879,8
160.2869,124.6777,-117.2113,8
137.4596,118.8307,-107.9487,8
-39.4505,102.9310,-177.6957,8
-32.4327,-141.6324,-158.3662,8
16.7356,146.7776,143.6816,8
187.8758,-11.7010,-141.8271,8
153.8172,-70.9732,141.0158,8
-136.2777,-68.6945,140.1540,8
26.3898,42.0032,-215.8646,8
184.0985,-46.7069,107.8656,8
-17.5083,-105.1974,192.4807,8
135.8029,131.3356,66.0095,8
-130.6651,13.2543,-169.7638,8
103.9284,-194.3351,-79.9118,8
-207.8292,-83.0030,-7.2858,8
-72.0664,-76.8566,206.2243,8
-21.3625,-174.1161,-135.8714,8
126.2374,-100.2158,-131.4866,8
108.1246,-9.9567,-173.3611,8
194.8559,78.8880,10.2324,8
111.4529,175.2935,101.3135,8
127.1106,-55.3282,-171.1144,8
204.2595,-44.1353,-33.4310,8
132.2344,152.5417,56.6195,8
169.3355,162.6063,6.4879,8
46.5662,195.0253,110.1928,8
85.8123,-180.8840,3.3947,8
67.0322,-205.8241,101.2876,8
-17.9917,113.3136,-201.9350,8
-208.2556,-94.5756,46.3967,8
-173.9152,80.5160,-71.1442,8
-120.9393,38.3650,188.9728,8
8.8451,110.5941,-186.2243,8
170.5820,19.3616,136.0342,8
100.1629,-15.8735,193.2836,8
-58.6431,56.5186,203.0045,8
-127.3533,4.7297,157.1061,8
164.8607,-119.0139,-28.1539,8
17.4366,-103.8224,-210.3986,8
103.0572,166.5566,-50.7613,8
97.9477,134.2111,157.3486,8
-99.0850,-195.6107,-90.2103,8
206.1715,-11.4855,-91.1584,8
-179.6330,98.6910,68.1360,8
-144.0259,96.8649,-111.6811,8
-63.7823,-27.0339,-223.1906,8
-96.5955,-194.3668,27.7989,8
118.4778,155.3689,107.5037,8
178.0238,-28.3818,129.7588,8
127.7630,-191.0941,-53.2223,8
3.9111,227.6101,35.6044,8
-186.7052,-63.8455,109.4353,8
149.2492,129.3360,134.1336,8
153.5946,-169.0725,-42.2178,8
-106.1503,-8.8921,-186.6300,8
116.1472,46.6415,179.7350,8
-199.3081,-13.0745,132.4962,9
-135.5211,67.3545,156.4502,9
134.0928,151.4937,-1.5075,9
105.7753,-177.7548,74.1282,9
-22.6939,-207.7160,20.8279,9
-198.4332,-24.7448,-62.9161,9
-29.9149,-162.4410,162.4988,9
9.6224,17.4290,-210.1763,9
102.8824,181.2539,-2.7915,9
-181.4755,-95.8794,78.4898,9
-235.0220,-11.2722,-10.1512,9
-39.2340,231.0004,-29.1241,9
-186.0600,-108.2690,-90.5120,9
-124.7553,153.9188,63.2758,9
-7.6907,-130.0955,-189.6428,9
-22.1270,-187.7908,-114.3625,9
223.3829,-71.8593,-9.9038,9
213.1560,-106.9555,13.3274,9
-35.1967,164.2632,-158.3341,9
-8.8131,-14.3089,-210.2412,9
33.4588,158.2735,120.9132,9
123.3451,3.5837,-187.2258,9
67.4110,-209.2536,-16.2751,9
166.4512,-118.7790,-123.2986,9
-155.4130,-92.8564,-140.0880,9
33.1229,55.9983,-202.1037,9
32.5961,-161.7572,117.8554,9
37.0854,157.5340,120.3361,9
69.1824,-1.5604,229.3992,9
70.2761,68.4241,203.3532,9
-177.2218,36.3676,-103.6229,9
-138.1174,5.0586,173.9378,9
-146.2377,-38.2010,-142.1608,9
-219.8171,18.6682,61.5485,9
177.9518,-88.7119,-60.2386,9
-105.0928,143.2717,-137.3887,9
-201.6406,-69.5818,75.9012,9
147.2600,-68.1983,-174.4523,9
144.6857,73.8200,-147.4412,9
175.9317,160.0098,-8.1143,9
-83.7522,128.9108,128.0100,9
21.1516,-94.1723,214.3191,9
-125.6326,182.4973,-60.1273,9
-115.0539,83.8917,161.8254,9
-228.9800,28.7892,-25.9086,9
-109.6348,-45.5092,-207.8956,9
-33.9295,-140.2804,166.3013,9
-58.4328,189.6178,-76.7287,9
-93.7911,202.3798,-60.8731,9
-144.0570,-138.9476,-24.9515,9
80.6465,-160.2545,150.7979,9
80.5318,196.8012,85.0013,9
87.5057,43.2719,211.3718,9
-86.3775,38.0356,198.2416,9
-202.4552,-74.2687,-5.7779,9
-66.8833,76.8788,190.4361,9
180.4792,-3.7859,145.3807,9
-104.4689,40.9501,-210.6785,9
150.0094,-144.1666,82.0479,9
5.1546,155.2725,-138.7663,9
-145.40047661,149.79092949,-70.86888506,8
150.96511914,169.86261256,-44.96815301,8
46.05537707,160.21956133,-133.81997806,8
58.11806213,198.46913619,-21.55161414,8
-216.69791205,66.46354822,59.99599745,8
-148.97768293,-101.38678094,110.43174075,8
203.07085963,49.14835050,8.57671981,8
9.92814590,214.68913574,-1.21530895,8
-104.15369502,-155.29963808,-86.61510592,8
195.99039067,-30.59652073,-127.28226745,8
208.33579140,-55.50344545,45.80335741,8
50.65089235,-71.51620694,-187.75944400,8
-128.42964372,138.64243093,-115.50895570,8
57.29189165,149.01014773,149.07177767,8
-38.35675976,119.97117897,-180.43704887,8
38.70979795,-63.76160275,185.70064923,8
48.43143380,-30.37661836,-206.88269598,8
-137.31360013,72.29117875,175.70458130,8
29.97641856,-215.28940066,53.73495656,8
93.83716770,165.67890090,-131.81066967,8
-62.54409299,142.74013246,157.94714635,8
-61.91611124,187.86939892,-64.33737503,8
184.28589116,-86.90606942,-18.17089463,8
-191.13769032,-20.54955127,85.67928338,8
215.49555633,34.61083637,-76.01145013,8
76.70384931,-133.83930786,157.16873546,8
10.45930153,-4.27209864,-211.32877701,8
174.75342262,-22.01550204,113.74196021,8
-16.32491547,-163.89303190,-167.42157697,8
40.33081653,-200.41774524,102.72236575,8
41.87177994,84.90127550,-176.44495952,8
179.48143725,145.73798859,60.52194854,8
220.83918355,3.38235046,71.83336380,8
108.76711685,-44.65056502,-201.60266405,8
136.16249533,135.69441659,-69.55300432,8
217.94514717,29.72780265,58.52415931,8
183.14188133,-28.91103009,-112.30309124,8
-213.06097758,50.56855108,5.12204259,8
89.35006934,93.93193692,175.60319161,8
82.87275117,177.12490507,-97.99524204,8
128.88687760,-97.75259753,-121.47494473,8
-183.41920566,89.32936995,22.66405834,8
-220.81265903,-38.69407655,-71.38091267,8
20.80501418,-201.22687354,-3.67339143,8
-174.84676990,147.11066214,12.32936974,8
216.89172563,-33.11394896,89.89286481,8
186.53851245,126.28934161,14.24231665,8
-189.34765740,54.69092278,88.35615580,8
74.95506177,101.61838009,-163.26169288,8
13.74810181,201.99120553,116.72017844,8
39.00297998,-200.22906052,-79.17710074,8
102.64007261,13.75994399,-197.50749133,8
-96.72543683,-126.17000417,-155.11500905,8
-121.77930955,201.88530826,-9.22358477,8
-201.86991306,53.54625595,97.31733812,8
-165.47045246,-117.06027793,-99.13417755,8
-80.99330556,223.89762852,-17.46091762,8
-169.53976725,-152.38580026,-44.65410667,8
-146.18794610,132.14587469,-85.69868583,8
-121.12072485,-19.38303835,-181.45065349,8
-83.89833864,206.64030811,87.81091121,9
158.83389034,118.88187111,-89.54416953,9
171.49738339,-48.49544068,95.76185270,9
-58.73113289,122.14099685,172.95202793,9
-37.72082580,138.86044994,-152.93680367,9
65.80574913,-101.64522053,171.12664361,9
-211.13090537,73.41535949,61.00627436,9
-41.60285862,51.01014554,-200.59313276,9
78.51804059,49.25774733,186.69265813,9
0.25494855,-90.54989780,200.21867085,9
124.08485784,186.20157244,-73.46681098,9
172.21137665,46.67362553,154.63996634,9
21.81634105,-12.05836637,-232.18864134,9
-78.60064935,-18.74221969,-191.64909564,9
-199.18376906,-110.27555394,-33.36923618,9
171.39180892,-36.81711000,-134.54782922,9
110.73616425,-187.88012669,-87.17983817,9
-0.24866464,42.56699085,-235.03312184,9
11.78582420,-166.99154406,158.95223291,9
-59.03106608,18.89967750,-201.59839522,9
-86.48533817,-108.16334557,-147.00670389,9
-17.90528326,-207.85979691,82.18310317,9
-211.93294026,-54.74842349,26.13866620,9
-169.44771662,-166.87312938,-21.39690645,9
99.89020466,-127.87414321,161.46302935,9
12.20262364,134.77841675,-163.59925433,9
61.84024637,-190.20853752,-33.38096734,9
28.26861749,165.66728416,-111.48229113,9
112.17188138,-208.08570734,-39.12083471,9
-152.24661917,-75.87582193,148.44843630,9
33.28357275,203.29379915,-32.12022947,9
34.05762436,142.24007319,-167.22500916,9
-31.80978648,-52.18146331,198.29197344,9
145.40592049,-124.17552178,126.07075423,9
104.85894740,59.50031150,169.20297673,9
-155.67266607,150.32653425,-60.12391920,9
-194.01070892,-104.66018439,-51.64921345,9
-158.31367899,25.38457718,176.24563252,9
213.53130673,-40.33772097,-29.99168141,9
-38.84597664,78.26693218,221.32830468,9
11.14830115,-189.46191577,63.23672444,9
-89.46286809,181.37526191,119.78271368,9
-35.70261386,215.53327143,-70.53253977,9
-103.88138022,13.23333876,188.40439196,9
-182.69817144,83.45911533,116.56701167,9
130.64105499,87.15027110,-180.69090224,9
114.43258082,182.39046730,-46.09583346,9
-202.57785112,-52.19042395,38.66483517,9
-14.71028118,-196.84522202,-120.39706967,9
81.35255921,119.04544209,-141.03678944,9
39.63861371,-192.33357986,-127.91381371,9
22.61196322,-6.81896019,227.77950969,9
29.68141458,-228.94384482,30.19059864,9
178.46628943,24.48751059,125.52950533,9
74.56956798,-202.26925952,7.99112744,9
-169.87273411,-38.56426881,127.69371664,9
-161.93291868,-105.86695797,-127.64223307,9
18.20416726,167.77267325,168.81063510,9
-170.99587066,113.41713624,-88.96994978,9
-26.80555882,-116.59041204,170.52959570,9
-142.55430855,168.15804574,1.46996368,8
-19.73502557,146.71065229,-178.19209409,8
205.02241031,-51.85007119,-31.25017612,8
1.83648558,184.71184675,-95.44810228,8
-181.71357512,-110.64684667,98.55130632,8
127.34431960,-162.55222533,-45.04438955,8
-39.78226566,-204.29063490,-20.23863483,8
-169.30768406,132.35037033,3.12372404,8
118.93268471,35.90347364,-164.42050795,8
145.54071920,70.81760815,-171.32402445,8
-27.36990350,19.83185833,217.80718023,8
-177.06761178,-103.61059580,29.07911380,8
100.08892875,178.85515115,-83.97176391,8
-53.33866181,-84.92561638,194.03970396,8
19.34434947,-163.50802951,145.98895108,8
45.19258359,-8.37299153,194.77229004,8
-212.14761630,-23.42470791,-22.65975668,8
45.12296448,229.65106725,-13.32083280,8
-103.21326218,-0.23707291,-198.70209755,8
-90.87666764,-100.32410215,187.89750049,8
-47.34050767,99.89441657,-192.38968760,8
139.42199182,-82.97624511,130.17013733,8
-107.36034022,152.32805103,-84.34487661,8
112.17040976,117.63427200,-133.70421663,8
-97.56799172,-159.29810086,-136.08301656,8
-40.07435098,-185.88148440,-111.08812892,8
43.10641605,-174.86752483,111.13363785,8
51.93216309,202.49557532,16.10176938,8
-226.42421288,-37.71496056,-49.66961623,8
97.96519706,-64.47484138,-196.44731301,8
-50.04526061,59.53367864,-184.51425222,8
208.57338661,-94.13125936,-68.93839496,8
-231.54283120,6.16107168,17.06973800,8
220.77053613,-68.92618672,31.25930227,8
1.85452469,203.90357850,-14.51591041,8
-59.23749531,-202.60229385,-85.15947585,8
209.50160783,54.86504767,9.36394797,8
-137.35268890,-153.59743056,74.29981174,8
197.50223016,-19.73643244,90.81005939,8
199.49269440,-78.98854713,42.51666318,8
-189.91379834,-1.52746574,69.67048004,8
57.55870459,196.99233529,4.12507533,8
224.62739846,50.18169642,48.73423692,8
-40.54803007,-7.89583755,198.07097228,8
29.32581756,211.56600371,82.12658350,8
96.73123615,44.33787424,-211.88794743,8
160.95911940,51.77952831,149.53093441,8
57.00430506,-115.30776054,173.50813304,8
4.36303231,67.44236346,-195.01648233,8
-81.88180277,81.50717989,203.13790260,8
-98.73473104,194.40692040,-18.42076517,8
-118.39897687,-118.62631041,147.11563631,8
-66.25247148,87.04570229,193.31063564,8
156.02705894,-72.89921050,161.28922601,8
-129.59158501,-158.04480454,106.38227520,8
-22.91913641,-224.44381521,-3.29415577,8
-13.84173657,-76.26107651,225.80434403,8
74.45963993,-197.04684657,-97.91555709,8
67.07620552,-202.36936205,-26.92835846,8
89.31375477,-192.05110016,55.76468374,8
-9.70656033,204.39225803,-124.81783459,9
-130.83210566,-163.38671394,59.72440147,9
-155.15912877,-64.49960025,-112.68956932,9
-164.28601323,-68.23303176,128.97492889,9
153.56526586,80.49182393,-118.46318658,9
40.07052460,97.53584390,181.18385094,9
-201.97636322,19.51504691,-111.85951622,9
-122.67377217,-152.55789880,-79.04220923,9
76.31080827,-191.50574278,-30.78584075,9
13.34565343,-163.88548496,145.77484867,9
194.74457223,-28.34059497,129.37083172,9
23.85016373,-174.20086109,157.58786262,9
35.59655300,-37.25230607,-227.76758596,9
21.41970242,197.45649290,-61.73198924,9
-132.71789840,178.38522471,59.27097627,9
167.00972877,-76.47561490,-122.85357513,9
39.03440384,-213.50344476,-89.74607879,9
-65.65428897,-101.12330541,206.19449641,9
115.57293125,189.06388137,64.71970421,9
-114.85158109,175.82573570,-19.44742949,9
24.08640655,-28.62905252,-198.46968636,9
-99.05845811,179.58039091,90.65683573,9
-36.88891210,194.95559182,-96.06100299,9
-176.32247684,160.12128804,-16.98690272,9
29.24290897,226.65332989,13.16357318,9
78.13060913,197.30426965,6.74349726,9
-37.44014754,-179.03043202,87.54503161,9
7.24269851,176.83547924,-96.69447560,9
-194.74580402,113.85961627,80.76318392,9
115.50986009,174.04616326,85.66514413,9
-113.70719669,48.91410526,167.76757093,9
141.35213660,155.96940336,-71.05971138,9
-127.05363352,56.39581174,-154.04986526,9
195.77836398,118.05351907,-13.80129809,9
-129.17364653,139.26750745,84.16687986,9
34.37886783,-174.49049944,137.17904567,9
-174.85222009,-43.28313825,137.16713051,9
232.86136131,49.49242626,9.80850908,9
46.72604706,98.51627726,190.35091616,9
121.53571907,69.66362215,-192.34601572,9
24.20115640,-115.72146145,161.37482099,9
213.75655165,-91.81916980,-33.55392045,9
16.55324623,-221.41811677,58.34478984,9
-143.98439376,-141.93826540,74.73085366,9
173.27153850,-66.71174335,-139.49348098,9
130.66714349,86.27780724,-181.09029446,9
14.20886044,67.19884466,209.20886104,9
-31.21924600,144.59024743,-152.89085854,9
-71.21595526,55.67894093,212.80984809,9
-63.29291757,122.11560983,-147.52361359,9
48.95463093,224.79919979,44.65571924,9
160.12045214,22.94974844,-162.09890187,9
-202.26552046,-96.47819275,-63.15346591,9
185.38447151,-49.10014700,106.90783242,9
8.76715837,-143.87209419,-160.50323792,9
-72.34637503,-8.77705794,-203.31895919,9
37.84055338,-224.18791342,45.06100974,9
144.49040816,-189.24835360,-16.84264619,9
181.61852726,-75.66704640,-106.33858747,9
-140.70003531,-7.55293953,-153.42313496,9
111.47524845,71.42131618,176.27616006,8
-95.89160820,135.97809347,161.18519380,8
117.44513395,160.59103003,78.20712053,8
-74.84939373,-169.75672509,-93.87439365,8
-161.87032184,169.61508490,-1.90523429,8
-176.06309774,112.58508671,-31.54651473,8
133.88921595,-151.58159795,53.13747759,8
143.68832584,159.64124153,7.73363315,8
146.56282978,13.48840655,144.24127759,8
174.39737745,-115.47772996,108.62598465,8
-135.39722109,171.22996188,-30.50040426,8
14.06820283,-91.96080496,185.14584949,8
139.41012078,-84.90264732,149.71497784,8
-153.37144339,129.35258013,86.33591511,8
-37.93904150,198.96433317,85.99812013,8
-149.64233325,129.12989006,-31.32674832,8
120.91712994,109.72149418,-139.31630924,8
134.06845089,-185.46111522,50.82287296,8
146.19831490,-76.77336779,-151.21990603,8
119.89595206,-173.03227556,-96.50780888,8
-107.94053987,154.22374481,117.46355355,8
-128.46381941,-162.50531234,-18.89138090,8
-155.05840353,-12.73707715,132.81112285,8
147.25534330,10.82642226,-149.98497515,8
-79.82341830,77.85369190,202.43766915,8
-9.74572349,-216.44313275,39.44418072,8
199.63126448,47.52460383,-51.73267902,8
195.93802698,42.75704372,61.16207450,8
195.66148000,116.26077585,-57.94333827,8
-59.36649391,200.15951864,93.58161300,8
99.15121942,135.90265112,108.59926970,8
-75.01343610,152.57344936,167.95946192,8
149.10540270,172.90949263,42.55941357,8
48.68876225,214.52411084,77.95128682,8
188.29785105,-73.16429070,31.33250860,8
4.58443473,-12.30867749,227.23641008,8
-183.57964993,-67.10280776,-93.72569541,8
-98.96196597,189.67762439,46.98214497,8
94.78905488,-98.41635194,-170.21275308,8
-144.51715771,-69.04348666,148.96972988,8
-80.40439960,14.15831702,185.08980070,8
202.17108978,-28.80455302,20.81223354,8
219.71990962,-13.24716650,-83.05642985,8
-191.80070804,33.76130855,54.87494412,8
16.49014734,-188.37292738,-128.87462314,8
-125.63896839,-195.26911966,-48.00106180,8
11.35539265,-67.49113232,-215.09174817,8
26.42490565,210.03868249,42.84762405,8
-3.93682097,-169.31630977,-117.96366180,8
108.89536659,40.25729670,-202.81569631,8
-31.63184914,-193.85895986,96.43677828,8
-84.41386354,-146.60335998,-145.31099125,8
-86.34423451,47.77570869,198.99120820,8
-86.02101927,87.70770230,-201.44650814,8
115.64230963,-115.84565502,-162.16031593,8
67.16296486,-49.13854456,-209.72769024,8
10.75570700,20.11032861,-237.64434918,8
-230.98980119,-15.70498490,-18.87377115,8
-160.12649054,-82.68746673,117.04700938,8
105.97617070,164.83002083,97.82835629,8
-209.41591653,114.62150264,-21.37263038,9
-92.43708878,196.27199145,17.66217105,9
193.08696781,58.63551380,-14.58739499,9
195.94977029,-59.02753724,-79.99756507,9
-32.34712818,188.87216705,85.88200618,9
-30.69877423,171.11118530,117.15384396,9
185.42316068,67.21587307,121.60640450,9
-8.54102198,210.48984049,13.83891972,9
-153.63077882,100.05322987,99.15892274,9
-86.39068650,160.15498982,123.18235941,9
230.33802713,41.74730200,25.82645687,9
-52.42252324,-117.46111503,-197.99866230,9
38.29596923,55.91730150,223.47169002,9
-152.37186123,127.51503499,61.49341829,9
47.79985959,39.31698201,221.62519245,9
101.76036700,84.93223345,-176.81943764,9
216.59765271,-75.47648545,50.50268554,9
-211.23892417,94.63731948,58.94466544,9
26.12222538,65.04099854,219.95042995,9
-162.94529609,-89.21160201,-99.86940511,9
-182.83089367,-72.41796883,46.02712399,9
0.13570809,26.43252122,-222.66939662,9
-153.25147369,107.75901596,116.18163024,9
217.05774909,-80.22245037,-58.88369556,9
-154.75570269,-127.80457840,110.07643508,9
135.00551439,-33.53157399,160.39945851,9
8.24758713,-165.35392847,117.08052119,9
-128.97757527,-152.95297493,25.36212823,9
-23.82939683,234.41271761,-43.53699518,9
119.49222924,78.02674873,-174.94726427,9
9.86663517,-39.50828100,-204.47400659,9
136.54258854,-69.27620682,-160.97606210,9
108.43422269,173.27873450,35.65072056,9
-34.49159844,222.30175670,-42.99459970,9
82.25007226,119.05032381,-149.08815939,9
-73.41751216,-61.53723146,203.15011586,9
179.60002217,63.10743434,122.56767269,9
145.21345542,-184.66563474,39.77155273,9
40.27254012,178.19453255,121.43756719,9
-188.30569020,121.32222249,-80.26721866,9
53.98282203,-124.97103778,146.58471988,9
-107.39126354,156.08627286,139.11391316,9
-73.90024464,167.47484482,138.54615509,9
51.96665622,-111.82666219,176.79632797,9
89.97318031,-56.36301466,206.54285607,9
-205.97469120,44.78360313,-113.49146502,9
48.26667878,148.11983433,155.61737170,9
-78.64268900,-162.02183667,-113.22918134,9
152.41854148,143.04493709,98.82622311,9
101.94018464,-5.48513428,-173.95270681,9
54.12894550,-58.25340908,220.45853798,9
175.09353167,142.05573759,40.04655691,9
78.84771521,-208.92154528,-65.89816706,9
108.61735704,-157.70324041,-107.42192075,9
103.21131303,-77.59937452,172.80941488,9
73.31033838,-150.70219621,-136.25005040,9
-186.44485996,18.02019669,136.51450220,9
-182.44205059,-70.65311774,-136.74475218,9
-6.01352399,-10.09145260,-223.33984564,9
190.33037622,11.66456730,-83.84802281,9
-86.13047747,151.24864436,-135.30117685,8
74.29379307,218.82506988,-16.18425869,8
50.20881451,-130.02231978,-162.08782627,8
-24.99177530,-38.29164334,202.83328242,8
-101.68714760,-175.24954445,117.99249645,8
11.00672574,-210.57219466,14.38754841,8
96.33516109,-177.89141316,52.92519598,8
-11.05175422,-212.98789111,-26.56100586,8
-170.69218986,-76.93413026,86.10146497,8
-33.98321825,192.72414676,-131.34572721,8
-216.70689059,37.39521588,-14.90313333,8
176.92235990,-27.60908173,-104.25884488,8
-92.60303450,18.48925633,200.35229295,8
77.96695700,-17.81097660,203.25526463,8
161.44369276,0.28373434,-149.52493763,8
-70.98774475,167.09795907,84.18867937,8
-182.84998801,48.42036787,-101.44033950,8
191.29104090,-134.90610979,-12.69718119,8
-93.55767955,-153.27182741,133.75449444,8
-12.23602515,-91.74868307,-212.27676210,8
191.19134050,-106.60414040,36.26621829,8
110.51729007,129.36584666,-119.65876492,8
162.81346620,-123.32381270,-11.27601163,8
63.66868650,-104.15677706,171.44825596,8
20.08952168,-220.88423520,64.96576869,8
165.17111865,37.67489216,140.70378922,8
-137.99724071,-79.74940769,139.22748772,8
-9.15437206,206.37420339,-35.86865221,8
-64.27173284,223.54678762,-32.45599034,8
-44.58304048,-186.65914160,124.56503986,8
162.06931792,-114.63017420,26.22509540,8
59.18118364,187.81817898,-135.41777224,8
126.23922392,132.58905685,142.91682122,8
-26.18195966,30.72037552,229.86595297,8
-29.99815118,-199.86712240,-30.72563343,8
58.51664400,178.80179889,-128.11957594,8
-97.77970317,-82.49452331,174.99303966,8
102.75200374,177.82764802,-76.14293910,8
51.36850557,205.92119681,-50.99864615,8
-144.16409087,37.98794208,-160.05568876,8
-4.39170047,-58.41934600,-193.62709707,8
120.83518333,-162.89135772,31.64277064,8
73.70089615,-190.04981047,117.47316327,8
74.93338404,155.41256578,105.69067795,8
-101.43821507,110.94699257,172.52827764,8
-122.78730835,-182.07718419,-89.38935794,8
204.69738545,77.46002484,-55.20310639,8
-53.55723083,-181.52470649,104.07135353,8
-35.99528977,-79.92979185,186.85423278,8
34.85745946,90.04226565,212.81542563,8
104.58000873,-28.65602001,-190.06255995,8
18.84911138,-24.77074106,220.82719733,8
-176.45659616,19.59825633,133.47031181,8
-234.81248892,9.84948416,-20.95316559,8
-91.14935294,60.03986522,202.91953496,8
-70.62221025,-97.00107485,191.08756987,8
11.01752069,-113.06774631,-209.97439422,8
-5.84727784,-165.52353907,-162.87087338,8
-4.10943720,-181.66982708,-114.70352649,8
110.42664067,160.99368631,99.28374395,8
-85.81482082,128.99169737,-182.88483488,9
-125.13418216,-78.56946441,-159.83597221,9
-131.68428811,139.69643200,63.85646293,9
-79.12493270,166.05109111,120.19339922,9
-85.47526437,-191.76446896,-3.88828967,9
-123.81599411,-21.78479605,-167.75427831,9
-29.88234803,-186.90183360,133.65099924,9
-12.28730240,-43.40711925,-206.24083471,9
-55.35131124,-29.58573892,198.76235399,9
70.97405778,180.05305289,-104.06943074,9
-211.84667821,-33.94911302,97.12822707,9
-219.25972550,-3.35704248,-87.53632273,9
-123.87998007,-64.38873323,187.19178314,9
-181.08062506,-77.34339078,66.98145914,9
-37.38000192,5.22010638,-226.98868589,9
183.14891480,-70.92006318,101.29456918,9
51.09133340,78.76727811,215.28389585,9
-176.01149836,140.16918159,80.15692039,9
-188.05234544,76.10567991,110.15958718,9
-173.06601379,0.14128652,120.54838214,9
-23.44656687,193.97210616,-51.13779979,9
15.08301636,-176.33663230,137.68896656,9
174.60174323,-110.43805732,76.90161033,9
-104.60695371,-116.31081853,180.40558837,9
213.52504933,31.82004630,-76.12290914,9
21.35292169,-134.61297381,162.79509108,9
-177.12122800,-37.77301765,-91.20889498,9
50.39300975,133.13071795,142.86294662,9
78.80894238,-226.26165292,-2.72897383,9
-75.73646219,206.04652091,-52.74401540,9
198.50667795,1.56914437,-63.72213683,9
-39.64082268,218.53106224,-5.39850895,9
-143.52364377,-1.72380688,-149.84147132,9
-219.59210423,45.22257343,46.80281624,9
-166.14757228,81.14161928,-94.74362829,9
-69.66905263,205.80786199,-56.88829906,9
-129.67058892,20.42418275,184.47206225,9
-34.91640021,224.22727517,-72.61607785,9
11.19698034,-175.89794297,-130.60165747,9
230.52584273,1.72358655,-58.95596755,9
-11.67560421,-50.87314788,-193.11806894,9
-147.53994880,182.97581146,-0.55210796,9
203.10766627,-82.00316269,68.75219348,9
142.16568339,-159.65077855,27.62652153,9
-198.12291076,53.56192653,-108.67541694,9
-88.08982422,71.58076400,-210.77911246,9
-56.07591964,208.49120181,-43.27625194,9
-164.44981549,-108.58514422,-80.13813223,9
-81.30182154,216.28003582,8.53511050,9
120.06278548,-104.36845059,123.99026660,9
-161.50119753,-137.23060165,-100.05245895,9
27.20172347,-147.62369003,172.94107817,9
195.71139265,118.11100993,-44.21066407,9
50.44942826,-79.67427485,-198.27853252,9
-93.96681579,194.12479035,-4.80991020,9
-153.46721412,54.56615923,141.84492359,9
-6.32269985,137.41009195,-186.55056339,9
123.69769383,200.62458229,-37.74585592,9
148.40402064,130.34389598,104.90663458,9
-13.42122521,-173.99935314,-113.73786087,9
